Grand Prix,Session,Date,Time,Driver Code,Driver Name,Team,Message,Audio URL,Local Audio File,Speaker
Canadian Grand Prix,Sprint,2026-05-23,11:37,NOR,Norris,McLaren,"Lando, if you can fit them in, there would be two burnouts before the launch. It would be a static bike point fine.",https://d1bntksftjpew6.cloudfront.net/v1/audio/2026/Canadian Grand Prix/Sprint/NOR_1_20260523_113742.mp3,2026_f1_audio/NOR_1_20260523_113742.mp3,engineer
Canadian Grand Prix,Sprint,2026-05-23,12:09,HAD,Hadjar,Red Bull,"Ah, engine problem. Oh f**k. Ok, we're investigating.",https://d1bntksftjpew6.cloudfront.net/v1/audio/2026/Canadian Grand Prix/Sprint/HAD_6_20260523_120904.mp3,2026_f1_audio/HAD_6_20260523_120904.mp3,driver
Canadian Grand Prix,Sprint,2026-05-23,12:10,ANT,Antonelli,Mercedes,Don't worry about it,https://d1bntksftjpew6.cloudfront.net/v1/audio/2026/Canadian Grand Prix/Sprint/ANT_12_20260523_121028.mp3,2026_f1_audio/ANT_12_20260523_121028.mp3,driver
Canadian Grand Prix,Sprint,2026-05-23,12:10,VER,Verstappen,Red Bull,I cannot save it. I wear it. It's holding like crazy.,https://d1bntksftjpew6.cloudfront.net/v1/audio/2026/Canadian Grand Prix/Sprint/VER_3_20260523_121056.mp3,2026_f1_audio/VER_3_20260523_121056.mp3,driver
Canadian Grand Prix,Sprint,2026-05-23,12:11,ANT,Antonelli,Mercedes,Let's give young men an idea who's alongside the hero. So let's just keep it cool.,https://d1bntksftjpew6.cloudfront.net/v1/audio/2026/Canadian Grand Prix/Sprint/ANT_12_20260523_121125.mp3,2026_f1_audio/ANT_12_20260523_121125.mp3,driver
Canadian Grand Prix,Sprint,2026-05-23,12:11,ANT,Antonelli,Mercedes,"Let's just get his back up to control, Gibby. Focus on Norris, focus on the driving. Yeah, I don't care, he pulled me out!",https://d1bntksftjpew6.cloudfront.net/v1/audio/2026/Canadian Grand Prix/Sprint/ANT_12_20260523_121159.mp3,2026_f1_audio/ANT_12_20260523_121159.mp3,engineer
Canadian Grand Prix,Sprint,2026-05-23,12:12,ANT,Antonelli,Mercedes,"Can we concentrate on the driving, please, and not on the radio morning?",https://d1bntksftjpew6.cloudfront.net/v1/audio/2026/Canadian Grand Prix/Sprint/ANT_12_20260523_121237.mp3,2026_f1_audio/ANT_12_20260523_121237.mp3,engineer
Canadian Grand Prix,Sprint,2026-05-23,12:14,ANT,Antonelli,Mercedes,"We're not seeing anything on aero, so it looks to be behaving, just vibration.",https://d1bntksftjpew6.cloudfront.net/v1/audio/2026/Canadian Grand Prix/Sprint/ANT_12_20260523_121416.mp3,2026_f1_audio/ANT_12_20260523_121416.mp3,engineer
Canadian Grand Prix,Sprint,2026-05-23,12:24,RUS,Russell,Mercedes,That's how you do it. It's just a bit of growth.,https://d1bntksftjpew6.cloudfront.net/v1/audio/2026/Canadian Grand Prix/Sprint/RUS_63_20260523_122435.mp3,2026_f1_audio/RUS_63_20260523_122435.mp3,driver
Canadian Grand Prix,Sprint,2026-05-23,12:33,RUS,Russell,Mercedes,"Nice work, babe. Good job. That was quick there. Yeah, good job.",https://d1bntksftjpew6.cloudfront.net/v1/audio/2026/Canadian Grand Prix/Sprint/RUS_63_20260523_123318.mp3,2026_f1_audio/RUS_63_20260523_123318.mp3,engineer
Canadian Grand Prix,Sprint,2026-05-23,12:33,ANT,Antonelli,Mercedes,"Kimi, let's check the flag. Yeah, if we need to race like this, then good enough. Kimi, now is the first time to talk about this. We talk about this internally and not on the radio, okay?",https://d1bntksftjpew6.cloudfront.net/v1/audio/2026/Canadian Grand Prix/Sprint/ANT_12_20260523_123347.mp3,2026_f1_audio/ANT_12_20260523_123347.mp3,engineer
Canadian Grand Prix,Qualifying,2026-05-23,16:02,PIA,Piastri,McLaren,"Use boost after 10, 4, 7, and 9. Use boost.",https://d1bntksftjpew6.cloudfront.net/v1/audio/2026/Canadian Grand Prix/Qualifying/PIA_81_20260523_160200.mp3,2026_f1_audio/PIA_81_20260523_160200.mp3,engineer
Canadian Grand Prix,Race,2026-05-23,16:07,RUS,Russell,Mercedes,I don't know why the ride has felt quite a bit worse today than yesterday.,https://d1bntksftjpew6.cloudfront.net/v1/audio/2026/Canadian Grand Prix/Race/RUS_63_20260523_160721.mp3,2026_f1_audio/RUS_63_20260523_160721.mp3,driver
Canadian Grand Prix,Qualifying,2026-05-23,16:21,ALO,Alonso,Aston Martin,"Wow the Cadillac, the last glimmer. Yeah copy Perez he's starting it up. Yeah in the line mate.",https://d1bntksftjpew6.cloudfront.net/v1/audio/2026/Canadian Grand Prix/Qualifying/ALO_14_20260523_162124.mp3,2026_f1_audio/ALO_14_20260523_162124.mp3,driver
Canadian Grand Prix,Qualifying,2026-05-23,16:25,GAS,Gasly,Alpine,"I think the only thing we can do to improve on the process here, mate, is changing the strap 2 before 10 .13, just before braking, as late as you can push it. It's very easy, mate, to say, but that small tweak does help us. Probably in the top half of this, so let me know if I can. Yeah, I know, it's tricky, mate, but what I'd say so far is doing a great job.",https://d1bntksftjpew6.cloudfront.net/v1/audio/2026/Canadian Grand Prix/Qualifying/GAS_10_20260523_162550.mp3,2026_f1_audio/GAS_10_20260523_162550.mp3,engineer
Canadian Grand Prix,Qualifying,2026-05-23,16:33,VER,Verstappen,Red Bull,"I can't get my front tires in the window, like it's really, really bad. Like yesterday in the island, it's like I'm driving on ice. Copy that.",https://d1bntksftjpew6.cloudfront.net/v1/audio/2026/Canadian Grand Prix/Qualifying/VER_3_20260523_163321.mp3,2026_f1_audio/VER_3_20260523_163321.mp3,driver
Canadian Grand Prix,Qualifying,2026-05-23,16:42,LEC,Leclerc,Ferrari,"And we are through, so you are P -8? I'm completely out of place, completely out of thing, he's either in the wall or P -8 We just need to make sure, give me clean air, I don't care about whatever else, just clean air, that's all that matters Understood Charles",https://d1bntksftjpew6.cloudfront.net/v1/audio/2026/Canadian Grand Prix/Qualifying/LEC_16_20260523_164217.mp3,2026_f1_audio/LEC_16_20260523_164217.mp3,engineer
Canadian Grand Prix,Qualifying,2026-05-23,16:43,LAW,Lawson,Racing Bulls,"Oh, man, sorry, that was honestly so, so badly driven.",https://d1bntksftjpew6.cloudfront.net/v1/audio/2026/Canadian Grand Prix/Qualifying/LAW_30_20260523_164326.mp3,2026_f1_audio/LAW_30_20260523_164326.mp3,engineer
Canadian Grand Prix,Qualifying,2026-05-23,16:44,COL,Colapinto,Alpine,"It's your home, yes. Vamos. Good job.",https://d1bntksftjpew6.cloudfront.net/v1/audio/2026/Canadian Grand Prix/Qualifying/COL_43_20260523_164424.mp3,2026_f1_audio/COL_43_20260523_164424.mp3,driver
Canadian Grand Prix,Qualifying,2026-05-23,16:45,BEA,Bearman,Haas,"The second you try and push this thing, it's not liking it. Yeah, we can see that all of you, I appreciate that. I'm blocking the front set, I didn't record that.",https://d1bntksftjpew6.cloudfront.net/v1/audio/2026/Canadian Grand Prix/Qualifying/BEA_87_20260523_164500.mp3,2026_f1_audio/BEA_87_20260523_164500.mp3,engineer
Canadian Grand Prix,Qualifying,2026-05-23,16:45,HUL,Hulkenberg,Audi,BG -11 for us. Seems like that's our spot. What the f*** is B -11? I'm sick of it.,https://d1bntksftjpew6.cloudfront.net/v1/audio/2026/Canadian Grand Prix/Qualifying/HUL_27_20260523_164546.mp3,2026_f1_audio/HUL_27_20260523_164546.mp3,engineer
Canadian Grand Prix,Qualifying,2026-05-23,16:52,RUS,Russell,Mercedes,Nothing on the rear,https://d1bntksftjpew6.cloudfront.net/v1/audio/2026/Canadian Grand Prix/Qualifying/RUS_63_20260523_165246.mp3,2026_f1_audio/RUS_63_20260523_165246.mp3,driver
Canadian Grand Prix,Qualifying,2026-05-23,16:53,VER,Verstappen,Red Bull,What's going on with this straight line speed because it's bleeding,https://d1bntksftjpew6.cloudfront.net/v1/audio/2026/Canadian Grand Prix/Qualifying/VER_3_20260523_165322.mp3,2026_f1_audio/VER_3_20260523_165322.mp3,driver
Canadian Grand Prix,Qualifying,2026-05-23,17:01,RUS,Russell,Mercedes,"Nice work, nice work. Yes! Well done mate. Keep me posted, is that good enough? That is good enough. Well done. We made that a bit tricky.",https://d1bntksftjpew6.cloudfront.net/v1/audio/2026/Canadian Grand Prix/Qualifying/RUS_63_20260523_170130.mp3,2026_f1_audio/RUS_63_20260523_170130.mp3,engineer
Canadian Grand Prix,Qualifying,2026-05-23,17:02,RUS,Russell,Mercedes,It's the most exhilarating feeling in the world when it comes last -minute out of nowhere. Good job,https://d1bntksftjpew6.cloudfront.net/v1/audio/2026/Canadian Grand Prix/Qualifying/RUS_63_20260523_170207.mp3,2026_f1_audio/RUS_63_20260523_170207.mp3,driver
Canadian Grand Prix,Qualifying,2026-05-23,17:05,ANT,Antonelli,Mercedes,"Okay Kimi, so that's P2 mate, so it's just, again, same as yesterday, so 68 milliseconds. Did he go for two laps? He ended up doing a fast slow fast.",https://d1bntksftjpew6.cloudfront.net/v1/audio/2026/Canadian Grand Prix/Qualifying/ANT_12_20260523_170545.mp3,2026_f1_audio/ANT_12_20260523_170545.mp3,engineer
Canadian Grand Prix,Qualifying,2026-05-23,17:06,NOR,Norris,McLaren,"It's going to be 3 again. Yeah, all good. The love wasn't amazing, but I heard all the dirt from Hamilton and then those slipstreams, so here's what it is.",https://d1bntksftjpew6.cloudfront.net/v1/audio/2026/Canadian Grand Prix/Qualifying/NOR_1_20260523_170634.mp3,2026_f1_audio/NOR_1_20260523_170634.mp3,engineer
Canadian Grand Prix,Qualifying,2026-05-23,17:07,PIA,Piastri,McLaren,"I was going to P4 again, P4. Good job, mate. It was only two tenths to hold this time. Yeah, it's a bit of a struggle, but we're getting there.",https://d1bntksftjpew6.cloudfront.net/v1/audio/2026/Canadian Grand Prix/Qualifying/PIA_81_20260523_170718.mp3,2026_f1_audio/PIA_81_20260523_170718.mp3,engineer
Canadian Grand Prix,Qualifying,2026-05-23,17:08,VER,Verstappen,Red Bull,"Yeah, I mean, I think it's something really wrong that we didn't check ice and stuff before. Sorry, Max, we know it's a frustrating one, but we'll have a lot to be honest with, so it's a painful but necessary data point, and we'll look to it. It's three times from the board right now.",https://d1bntksftjpew6.cloudfront.net/v1/audio/2026/Canadian Grand Prix/Qualifying/VER_3_20260523_170827.mp3,2026_f1_audio/VER_3_20260523_170827.mp3,driver
Canadian Grand Prix,Qualifying,2026-05-23,17:08,LEC,Leclerc,Ferrari,So we finished You've seen it,https://d1bntksftjpew6.cloudfront.net/v1/audio/2026/Canadian Grand Prix/Qualifying/LEC_16_20260523_170859.mp3,2026_f1_audio/LEC_16_20260523_170859.mp3,driver
Canadian Grand Prix,Qualifying,2026-05-23,17:09,LIN,Lindblad,Racing Bulls,"Okay, that's P9. Best of the rest. Very well done by the Dot Q3. It's a good weekend. Thank you, everyone.",https://d1bntksftjpew6.cloudfront.net/v1/audio/2026/Canadian Grand Prix/Qualifying/LIN_41_20260523_170951.mp3,2026_f1_audio/LIN_41_20260523_170951.mp3,engineer
Canadian Grand Prix,Race,2026-05-24,11:10,BOR,Bortoleto,Audi,"Yeah, keep the pressure on. You're doing a good job. Keep the pressure.",https://d1bntksftjpew6.cloudfront.net/v1/audio/2026/Canadian Grand Prix/Race/BOR_5_20260524_111056.mp3,2026_f1_audio/BOR_5_20260524_111056.mp3,engineer
Canadian Grand Prix,Race,2026-05-24,11:21,BOR,Bortoleto,Audi,Yep. What a drive. Good job. Excellent. So good. Set the pressure up. Really good pace. Well done. Thank you.,https://d1bntksftjpew6.cloudfront.net/v1/audio/2026/Canadian Grand Prix/Race/BOR_5_20260524_112124.mp3,2026_f1_audio/BOR_5_20260524_112124.mp3,driver
Canadian Grand Prix,Race,2026-05-24,12:17,HAD,Hadjar,Red Bull,"You think it's worth it already to go to the shop? How do you feel the tire? They are still alive, so maybe wait a little bit. And for the moment they're okay. The only thing can be rear overheating a little bit.",https://d1bntksftjpew6.cloudfront.net/v1/audio/2026/Canadian Grand Prix/Race/HAD_6_20260524_121726.mp3,2026_f1_audio/HAD_6_20260524_121726.mp3,engineer
Canadian Grand Prix,Race,2026-05-24,12:46,NOR,Norris,McLaren,"That's not the way, mate. That's not the way. You now need to keep it cool. Reset.",https://d1bntksftjpew6.cloudfront.net/v1/audio/2026/Canadian Grand Prix/Race/NOR_1_20260524_124627.mp3,2026_f1_audio/NOR_1_20260524_124627.mp3,engineer
Canadian Grand Prix,Race,2026-05-24,12:49,NOR,Norris,McLaren,"But there's no reason to go back anymore. I have a very big reason. If you get a penalty for Monaco, I'm going to win. OK? So I want you to be back on track, even if you are two or three laps down or you go slow. I don't care. I want the penalty today.",https://d1bntksftjpew6.cloudfront.net/v1/audio/2026/Canadian Grand Prix/Race/NOR_1_20260524_124935.mp3,2026_f1_audio/NOR_1_20260524_124935.mp3,engineer
Canadian Grand Prix,Race,2026-05-24,13:00,LEC,Leclerc,Ferrari,"Can you at least tell me what the plan is? Like, what are we trying to do? We're trying to wait for rain, mate. So to keep the track positioned and so if it rains, everyone has to stop, so we keep this position, you know?",https://d1bntksftjpew6.cloudfront.net/v1/audio/2026/Canadian Grand Prix/Race/LEC_16_20260524_130022.mp3,2026_f1_audio/LEC_16_20260524_130022.mp3,driver
Canadian Grand Prix,Race,2026-05-24,15:21,VER,Verstappen,Red Bull,"I think this is the switch. Copy that Max. Box, switch to select, confirm. Yep.",https://d1bntksftjpew6.cloudfront.net/v1/audio/2026/Canadian Grand Prix/Race/VER_3_20260524_152145.mp3,2026_f1_audio/VER_3_20260524_152145.mp3,driver
Canadian Grand Prix,Race,2026-05-24,15:27,PIA,Piastri,McLaren,"Are you happy on these tires, or do you want to enter? Honestly, I have no idea. It's really tough, honestly. But I'm surprised the inter is working.",https://d1bntksftjpew6.cloudfront.net/v1/audio/2026/Canadian Grand Prix/Race/PIA_81_20260524_152723.mp3,2026_f1_audio/PIA_81_20260524_152723.mp3,engineer
Canadian Grand Prix,Race,2026-05-24,16:02,GAS,Gasly,Alpine,"The drivers aren't entertised or complaining already, so we've got the right one here.",https://d1bntksftjpew6.cloudfront.net/v1/audio/2026/Canadian Grand Prix/Race/GAS_10_20260524_160246.mp3,2026_f1_audio/GAS_10_20260524_160246.mp3,engineer
Canadian Grand Prix,Race,2026-05-24,16:03,NOR,Norris,McLaren,"Any comments on conditions, Lando? Yeah, I don't know. We'll see.",https://d1bntksftjpew6.cloudfront.net/v1/audio/2026/Canadian Grand Prix/Race/NOR_1_20260524_160301.mp3,2026_f1_audio/NOR_1_20260524_160301.mp3,engineer
Canadian Grand Prix,Race,2026-05-24,16:03,LIN,Lindblad,Racing Bulls,It's not going again,https://d1bntksftjpew6.cloudfront.net/v1/audio/2026/Canadian Grand Prix/Race/LIN_41_20260524_160334.mp3,2026_f1_audio/LIN_41_20260524_160334.mp3,driver
Canadian Grand Prix,Race,2026-05-24,16:04,PIA,Piastri,McLaren,"It feels like the rain stopped quite a lot now, so what are we thinking to do? Oscar, Hawker, the rain should ease from here, but everyone's going to have very cold tires. Yeah, but I think now it is time for slicks, so should we just box?",https://d1bntksftjpew6.cloudfront.net/v1/audio/2026/Canadian Grand Prix/Race/PIA_81_20260524_160438.mp3,2026_f1_audio/PIA_81_20260524_160438.mp3,driver
Canadian Grand Prix,Race,2026-05-24,16:07,PIA,Piastri,McLaren,"So, Oscar, our tyres have dropped quite a lot. Everyone on SOC must have very cold tyres by this time. Yeah, but if we fit now, we will have cold tyres. We will have warm tyres. So, I don't know. It's... I mean, it's... These engines are a mistake now.",https://d1bntksftjpew6.cloudfront.net/v1/audio/2026/Canadian Grand Prix/Race/PIA_81_20260524_160758.mp3,2026_f1_audio/PIA_81_20260524_160758.mp3,engineer
Canadian Grand Prix,Race,2026-05-24,16:14,NOR,Norris,McLaren,Although we could be going very long here,https://d1bntksftjpew6.cloudfront.net/v1/audio/2026/Canadian Grand Prix/Race/NOR_1_20260524_161435.mp3,2026_f1_audio/NOR_1_20260524_161435.mp3,engineer
Canadian Grand Prix,Race,2026-05-24,16:20,HAM,Hamilton,Ferrari,I got no power man. Come on guys,https://d1bntksftjpew6.cloudfront.net/v1/audio/2026/Canadian Grand Prix/Race/HAM_44_20260524_162056.mp3,2026_f1_audio/HAM_44_20260524_162056.mp3,driver
Canadian Grand Prix,Race,2026-05-24,16:29,NOR,Norris,McLaren,We need to box this lap. It's a reliability problem,https://d1bntksftjpew6.cloudfront.net/v1/audio/2026/Canadian Grand Prix/Race/NOR_1_20260524_162952.mp3,2026_f1_audio/NOR_1_20260524_162952.mp3,engineer
Canadian Grand Prix,Race,2026-05-24,16:41,ANT,Antonelli,Mercedes,Why made you push me off and I was ahead like what's the point?,https://d1bntksftjpew6.cloudfront.net/v1/audio/2026/Canadian Grand Prix/Race/ANT_12_20260524_164112.mp3,2026_f1_audio/ANT_12_20260524_164112.mp3,driver
Canadian Grand Prix,Race,2026-05-24,16:42,RUS,Russell,Mercedes,Hemi will give you the position. Convenient just before the freeze. I think that was just when it was given to him. So head down. It's your throttle up to go.,https://d1bntksftjpew6.cloudfront.net/v1/audio/2026/Canadian Grand Prix/Race/RUS_63_20260524_164224.mp3,2026_f1_audio/RUS_63_20260524_164224.mp3,engineer
Canadian Grand Prix,Race,2026-05-24,16:55,LEC,Leclerc,Ferrari,"Okay, that was really a cheap one.",https://d1bntksftjpew6.cloudfront.net/v1/audio/2026/Canadian Grand Prix/Race/LEC_16_20260524_165510.mp3,2026_f1_audio/LEC_16_20260524_165510.mp3,driver
Canadian Grand Prix,Race,2026-05-24,17:01,NOR,Norris,McLaren,Something's broken about gearbox or something,https://d1bntksftjpew6.cloudfront.net/v1/audio/2026/Canadian Grand Prix/Race/NOR_1_20260524_170139.mp3,2026_f1_audio/NOR_1_20260524_170139.mp3,driver
Canadian Grand Prix,Race,2026-05-24,17:02,NOR,Norris,McLaren,"I'm sorry, mate. All right, thank you. All good.",https://d1bntksftjpew6.cloudfront.net/v1/audio/2026/Canadian Grand Prix/Race/NOR_1_20260524_170226.mp3,2026_f1_audio/NOR_1_20260524_170226.mp3,engineer
Canadian Grand Prix,Race,2026-05-24,17:03,ANT,Antonelli,Mercedes,What is this guy doing man,https://d1bntksftjpew6.cloudfront.net/v1/audio/2026/Canadian Grand Prix/Race/ANT_12_20260524_170305.mp3,2026_f1_audio/ANT_12_20260524_170305.mp3,driver
Canadian Grand Prix,Race,2026-05-24,17:06,HAM,Hamilton,Ferrari,"You have same pace as Antonelli, be one to ten faster than Max in front.",https://d1bntksftjpew6.cloudfront.net/v1/audio/2026/Canadian Grand Prix/Race/HAM_44_20260524_170614.mp3,2026_f1_audio/HAM_44_20260524_170614.mp3,engineer
Canadian Grand Prix,Race,2026-05-24,17:06,PER,Perez,Cadillac,"I'm listening to this one right now. Yeah, me too. I can tell you know what happened here.",https://d1bntksftjpew6.cloudfront.net/v1/audio/2026/Canadian Grand Prix/Race/PER_11_20260524_170619.mp3,2026_f1_audio/PER_11_20260524_170619.mp3,engineer
Canadian Grand Prix,Race,2026-05-24,17:13,HAM,Hamilton,Ferrari,We can do this guys,https://d1bntksftjpew6.cloudfront.net/v1/audio/2026/Canadian Grand Prix/Race/HAM_44_20260524_171312.mp3,2026_f1_audio/HAM_44_20260524_171312.mp3,driver
Canadian Grand Prix,Race,2026-05-24,17:14,LEC,Leclerc,Ferrari,"Blue is now picking up the pace, 15 .0 Let's top the ticket until the last lap, until the last lap And anything absolutely critical",https://d1bntksftjpew6.cloudfront.net/v1/audio/2026/Canadian Grand Prix/Race/LEC_16_20260524_171412.mp3,2026_f1_audio/LEC_16_20260524_171412.mp3,engineer
Canadian Grand Prix,Race,2026-05-24,17:25,HAM,Hamilton,Ferrari,They both are,https://d1bntksftjpew6.cloudfront.net/v1/audio/2026/Canadian Grand Prix/Race/HAM_44_20260524_172525.mp3,2026_f1_audio/HAM_44_20260524_172525.mp3,driver
Canadian Grand Prix,Race,2026-05-24,17:39,ANT,Antonelli,Mercedes,"Nice work, Kimi. It's been a very eventful day, but well done. Yeah, thank you, everyone. Not the way I wanted to win. It was going to be a good fight with George, but yeah, we'll take it.",https://d1bntksftjpew6.cloudfront.net/v1/audio/2026/Canadian Grand Prix/Race/ANT_12_20260524_173905.mp3,2026_f1_audio/ANT_12_20260524_173905.mp3,engineer
Canadian Grand Prix,Race,2026-05-24,17:39,HAM,Hamilton,Ferrari,"And we're done. Pichu, that was a great fight. Good job, good job. Whoo! That was tough, guys. Make a job this weekend. Definitely the result we deserve. Thank you so much to everyone back at the factory. Gracias a tutti. Let's keep pushing. This is a good step. Let's keep working to try and close that gap. Thank you, Luis.",https://d1bntksftjpew6.cloudfront.net/v1/audio/2026/Canadian Grand Prix/Race/HAM_44_20260524_173930.mp3,2026_f1_audio/HAM_44_20260524_173930.mp3,engineer
Canadian Grand Prix,Race,2026-05-24,17:40,VER,Verstappen,Red Bull,"Good job Max, we didn't fight out there today I think, well done. Yeah, it's just a shame we didn't have the tyre attack for the final scene. Really difficult but good job. That's the first road in.",https://d1bntksftjpew6.cloudfront.net/v1/audio/2026/Canadian Grand Prix/Race/VER_3_20260524_174019.mp3,2026_f1_audio/VER_3_20260524_174019.mp3,engineer
Canadian Grand Prix,Race,2026-05-24,17:43,COL,Colapinto,Alpine,"Oh, vamos, buddy. He's six. Good job, mate. Mate. Sorry for the extra stress. I don't know. I'm really sorry. I'll check the heart rate. I'll check the heart rate after the race, mate. Mate, fantastic job this weekend. Really, really good driving.",https://d1bntksftjpew6.cloudfront.net/v1/audio/2026/Canadian Grand Prix/Race/COL_43_20260524_174314.mp3,2026_f1_audio/COL_43_20260524_174314.mp3,engineer
Canadian Grand Prix,Race,2026-05-24,17:43,LAW,Lawson,Racing Bulls,"Well done guys, I really struggled to put pace in that race, I think we missed it though, at the start especially, but even on the last set. Yeah, probably out of balance a bit, and we will show you some things when you come back. Copy that, otherwise really good job.",https://d1bntksftjpew6.cloudfront.net/v1/audio/2026/Canadian Grand Prix/Race/LAW_30_20260524_174356.mp3,2026_f1_audio/LAW_30_20260524_174356.mp3,driver
Canadian Grand Prix,Race,2026-05-24,17:44,COL,Colapinto,Alpine,But I've got the box on my shoulder here He's a he's a very happy man So that is big that's your best ever result in f1 now make another week another best,https://d1bntksftjpew6.cloudfront.net/v1/audio/2026/Canadian Grand Prix/Race/COL_43_20260524_174426.mp3,2026_f1_audio/COL_43_20260524_174426.mp3,engineer
Monaco Grand Prix,Qualifying,2026-06-06,15:59,GAS,Gasly,Alpine,"I'm feeling the sun, I'm feeling the sun, it's pretty hot.",https://d1bntksftjpew6.cloudfront.net/v1/audio/2026/Monaco Grand Prix/Qualifying/GAS_10_20260606_155936.mp3,2026_f1_audio/GAS_10_20260606_155936.mp3,driver
Monaco Grand Prix,Qualifying,2026-06-06,16:01,LIN,Lindblad,Racing Bulls,"I mean, both the styles are harsher than what we had in Detroit. We are in a better place.",https://d1bntksftjpew6.cloudfront.net/v1/audio/2026/Monaco Grand Prix/Qualifying/LIN_41_20260606_160104.mp3,2026_f1_audio/LIN_41_20260606_160104.mp3,engineer
Monaco Grand Prix,Qualifying,2026-06-06,16:02,HAM,Hamilton,Ferrari,Charles backing into me,https://d1bntksftjpew6.cloudfront.net/v1/audio/2026/Monaco Grand Prix/Qualifying/HAM_44_20260606_160246.mp3,2026_f1_audio/HAM_44_20260606_160246.mp3,driver
Monaco Grand Prix,Qualifying,2026-06-06,16:05,HAD,Hadjar,Red Bull,"Man, that's the worst rep. Oh, come on. Yeah, we're going to bleed.",https://d1bntksftjpew6.cloudfront.net/v1/audio/2026/Monaco Grand Prix/Qualifying/HAD_6_20260606_160509.mp3,2026_f1_audio/HAD_6_20260606_160509.mp3,driver
Monaco Grand Prix,Qualifying,2026-06-06,16:15,BOR,Bortoleto,Audi,I broke the front suspension.,https://d1bntksftjpew6.cloudfront.net/v1/audio/2026/Monaco Grand Prix/Qualifying/BOR_5_20260606_161545.mp3,2026_f1_audio/BOR_5_20260606_161545.mp3,driver
Monaco Grand Prix,Qualifying,2026-06-06,16:26,BEA,Bearman,Haas,"10 -4 -3, that's clear, ping. I'm lucky with that yellow. F***, man, so lucky. Yeah, sorry, I'll leave. Oh, guys, I gave it everything on the path, I'm sorry. We needed more of them.",https://d1bntksftjpew6.cloudfront.net/v1/audio/2026/Monaco Grand Prix/Qualifying/BEA_87_20260606_162655.mp3,2026_f1_audio/BEA_87_20260606_162655.mp3,engineer
Monaco Grand Prix,Qualifying,2026-06-06,16:27,OCO,Ocon,Haas,"P -17, signs with us. Oh, yes, yes, yes. Yep.",https://d1bntksftjpew6.cloudfront.net/v1/audio/2026/Monaco Grand Prix/Qualifying/OCO_31_20260606_162719.mp3,2026_f1_audio/OCO_31_20260606_162719.mp3,engineer
Monaco Grand Prix,Qualifying,2026-06-06,16:29,BEA,Bearman,Haas,"I'm so sorry guys because it all works out fine for them. I'm really sorry. Yeah, it's what sometimes other",https://d1bntksftjpew6.cloudfront.net/v1/audio/2026/Monaco Grand Prix/Qualifying/BEA_87_20260606_162934.mp3,2026_f1_audio/BEA_87_20260606_162934.mp3,driver
Monaco Grand Prix,Qualifying,2026-06-06,16:32,VER,Verstappen,Red Bull,"You know that? What the f*** are you doing? You're like a mechanic, an idiot.",https://d1bntksftjpew6.cloudfront.net/v1/audio/2026/Monaco Grand Prix/Qualifying/VER_3_20260606_163219.mp3,2026_f1_audio/VER_3_20260606_163219.mp3,driver
Monaco Grand Prix,Qualifying,2026-06-06,16:41,RUS,Russell,Mercedes,"If you think we need a drop flap, if you're seeing something with surface imbalance, then you shout. We just think we need to be sliding the front some more and overheating the rears less.",https://d1bntksftjpew6.cloudfront.net/v1/audio/2026/Monaco Grand Prix/Qualifying/RUS_63_20260606_164136.mp3,2026_f1_audio/RUS_63_20260606_164136.mp3,driver
Monaco Grand Prix,Qualifying,2026-06-06,16:46,LEC,Leclerc,Ferrari,"I'm supposed to be pushing, but we need to be clear on the driver, I push, or I don't.",https://d1bntksftjpew6.cloudfront.net/v1/audio/2026/Monaco Grand Prix/Qualifying/LEC_16_20260606_164606.mp3,2026_f1_audio/LEC_16_20260606_164606.mp3,engineer
Monaco Grand Prix,Qualifying,2026-06-06,16:49,SAI,Sainz,Williams,Sorry Take a lot about,https://d1bntksftjpew6.cloudfront.net/v1/audio/2026/Monaco Grand Prix/Qualifying/SAI_55_20260606_164933.mp3,2026_f1_audio/SAI_55_20260606_164933.mp3,engineer
Monaco Grand Prix,Qualifying,2026-06-06,17:00,VER,Verstappen,Red Bull,But this outfit is up. You cannot exit behind one.,https://d1bntksftjpew6.cloudfront.net/v1/audio/2026/Monaco Grand Prix/Qualifying/VER_3_20260606_170055.mp3,2026_f1_audio/VER_3_20260606_170055.mp3,engineer
Monaco Grand Prix,Qualifying,2026-06-06,17:08,ANT,Antonelli,Mercedes,"Yes, Kimmy. Nice work, pal. Good man. Well done. My man. 43 milliseconds.",https://d1bntksftjpew6.cloudfront.net/v1/audio/2026/Monaco Grand Prix/Qualifying/ANT_12_20260606_170835.mp3,2026_f1_audio/ANT_12_20260606_170835.mp3,engineer
Monaco Grand Prix,Qualifying,2026-06-06,17:11,LEC,Leclerc,Ferrari,"Uh, that was going to be the last one, you know. That's it.",https://d1bntksftjpew6.cloudfront.net/v1/audio/2026/Monaco Grand Prix/Qualifying/LEC_16_20260606_171116.mp3,2026_f1_audio/LEC_16_20260606_171116.mp3,driver
Monaco Grand Prix,Qualifying,2026-06-06,17:11,VER,Verstappen,Red Bull,"Ah, hard luck mate, four hundredths, it's front row, front row. Ah, ha, ah, it's a shame, it's a shame, but still, I think that, that, guys, ah, that's a shame, but still, still get the result. Absolutely mate, came off, well done.",https://d1bntksftjpew6.cloudfront.net/v1/audio/2026/Monaco Grand Prix/Qualifying/VER_3_20260606_171130.mp3,2026_f1_audio/VER_3_20260606_171130.mp3,engineer
Monaco Grand Prix,Qualifying,2026-06-06,17:12,VER,Verstappen,Red Bull,"Well done Max, that was nailed, and more than that, I think you deserve a bit more than that P2, but it's a mega good news for everyone, well done. Yeah, I mean, it was a good period, we had a massive jump, so well done.",https://d1bntksftjpew6.cloudfront.net/v1/audio/2026/Monaco Grand Prix/Qualifying/VER_3_20260606_171229.mp3,2026_f1_audio/VER_3_20260606_171229.mp3,engineer
Monaco Grand Prix,Qualifying,2026-06-06,17:18,ANT,Antonelli,Mercedes,That is bagging give me grande grande. Thanks Toto. Thank you so much,https://d1bntksftjpew6.cloudfront.net/v1/audio/2026/Monaco Grand Prix/Qualifying/ANT_12_20260606_171842.mp3,2026_f1_audio/ANT_12_20260606_171842.mp3,engineer
Monaco Grand Prix,Race,2026-06-07,14:28,LAW,Lawson,Racing Bulls,Well done everybody. You're doing a good job. You've done my best. Today doesn't make it worth it. Thank you Liam.,https://d1bntksftjpew6.cloudfront.net/v1/audio/2026/Monaco Grand Prix/Race/LAW_30_20260607_142803.mp3,2026_f1_audio/LAW_30_20260607_142803.mp3,driver
Monaco Grand Prix,Race,2026-06-07,15:04,VER,Verstappen,Red Bull,What should I do? Just bring it home for these guys.,https://d1bntksftjpew6.cloudfront.net/v1/audio/2026/Monaco Grand Prix/Race/VER_3_20260607_150430.mp3,2026_f1_audio/VER_3_20260607_150430.mp3,driver
Monaco Grand Prix,Race,2026-06-07,15:09,VER,Verstappen,Red Bull,"Oh, nice. What the f***, guys? What the f***?",https://d1bntksftjpew6.cloudfront.net/v1/audio/2026/Monaco Grand Prix/Race/VER_3_20260607_150926.mp3,2026_f1_audio/VER_3_20260607_150926.mp3,driver
Monaco Grand Prix,Race,2026-06-07,15:09,NOR,Norris,McLaren,But it's outside his grid box,https://d1bntksftjpew6.cloudfront.net/v1/audio/2026/Monaco Grand Prix/Race/NOR_1_20260607_150948.mp3,2026_f1_audio/NOR_1_20260607_150948.mp3,driver
Monaco Grand Prix,Race,2026-06-07,15:13,HAM,Hamilton,Ferrari,Where is the foster despite the entry free and then 34,https://d1bntksftjpew6.cloudfront.net/v1/audio/2026/Monaco Grand Prix/Race/HAM_44_20260607_151337.mp3,2026_f1_audio/HAM_44_20260607_151337.mp3,driver
Monaco Grand Prix,Race,2026-06-07,15:22,HAD,Hadjar,Red Bull,I don't know. I don't know.,https://d1bntksftjpew6.cloudfront.net/v1/audio/2026/Monaco Grand Prix/Race/HAD_6_20260607_152233.mp3,2026_f1_audio/HAD_6_20260607_152233.mp3,engineer
Monaco Grand Prix,Race,2026-06-07,15:23,RUS,Russell,Mercedes,How do I hide the front left grain and he won't be out for much longer I don't think. Just make sure you've got good tyres when he does get out of the way.,https://d1bntksftjpew6.cloudfront.net/v1/audio/2026/Monaco Grand Prix/Race/RUS_63_20260607_152339.mp3,2026_f1_audio/RUS_63_20260607_152339.mp3,driver
Monaco Grand Prix,Race,2026-06-07,15:26,RUS,Russell,Mercedes,"And George, how much pace would you have in clear air? At least one second, I think.",https://d1bntksftjpew6.cloudfront.net/v1/audio/2026/Monaco Grand Prix/Race/RUS_63_20260607_152610.mp3,2026_f1_audio/RUS_63_20260607_152610.mp3,engineer
Monaco Grand Prix,Race,2026-06-07,15:28,HAD,Hadjar,Red Bull,board six board six we're looking to it mate we're looking to it also the pilot is down the pilot,https://d1bntksftjpew6.cloudfront.net/v1/audio/2026/Monaco Grand Prix/Race/HAD_6_20260607_152831.mp3,2026_f1_audio/HAD_6_20260607_152831.mp3,engineer
Monaco Grand Prix,Race,2026-06-07,15:37,HAD,Hadjar,Red Bull,"Yeah, no power out of 8. Out of 8. Yeah, copy that, mate. We can see the issue. We're trying to work on a fix. You're doing a great job. Engine 3, position 11. Engine 3, position 11.",https://d1bntksftjpew6.cloudfront.net/v1/audio/2026/Monaco Grand Prix/Race/HAD_6_20260607_153707.mp3,2026_f1_audio/HAD_6_20260607_153707.mp3,driver
Monaco Grand Prix,Race,2026-06-07,15:38,RUS,Russell,Mercedes,That's a lot in advance it they can't keep it on the truck. They need to get the dismount copy It is our break itself. We don't know tires,https://d1bntksftjpew6.cloudfront.net/v1/audio/2026/Monaco Grand Prix/Race/RUS_63_20260607_153832.mp3,2026_f1_audio/RUS_63_20260607_153832.mp3,driver
Monaco Grand Prix,Race,2026-06-07,15:40,SAI,Sainz,Williams,"What do you think about Plan B? Err, repeat what was Plan B, now I forgot it. Take IA, heading out at the stop.",https://d1bntksftjpew6.cloudfront.net/v1/audio/2026/Monaco Grand Prix/Race/SAI_55_20260607_154059.mp3,2026_f1_audio/SAI_55_20260607_154059.mp3,engineer
Monaco Grand Prix,Race,2026-06-07,15:41,SAI,Sainz,Williams,"It's up to you, you already followed me.",https://d1bntksftjpew6.cloudfront.net/v1/audio/2026/Monaco Grand Prix/Race/SAI_55_20260607_154129.mp3,2026_f1_audio/SAI_55_20260607_154129.mp3,driver
Monaco Grand Prix,Race,2026-06-07,15:42,BEA,Bearman,Haas,"Sorry guys, on our weekend. Yeah, sorry Oli. We'll go again next week. Yeah.",https://d1bntksftjpew6.cloudfront.net/v1/audio/2026/Monaco Grand Prix/Race/BEA_87_20260607_154229.mp3,2026_f1_audio/BEA_87_20260607_154229.mp3,driver
Monaco Grand Prix,Race,2026-06-07,15:47,HAD,Hadjar,Red Bull,"Hey, the problem is still real. Yeah, we're still looking for another fix. We are looking for another fix",https://d1bntksftjpew6.cloudfront.net/v1/audio/2026/Monaco Grand Prix/Race/HAD_6_20260607_154751.mp3,2026_f1_audio/HAD_6_20260607_154751.mp3,driver
Monaco Grand Prix,Race,2026-06-07,15:57,NOR,Norris,McLaren,ladder we want to do the holding strategy on Russell we want to build up the seconds over the next couple of laps,https://d1bntksftjpew6.cloudfront.net/v1/audio/2026/Monaco Grand Prix/Race/NOR_1_20260607_155721.mp3,2026_f1_audio/NOR_1_20260607_155721.mp3,engineer
Monaco Grand Prix,Race,2026-06-07,16:00,NOR,Norris,McLaren,"Lado, we're going to box this lap and retire the car, we're going to box the lap and retire the car.",https://d1bntksftjpew6.cloudfront.net/v1/audio/2026/Monaco Grand Prix/Race/NOR_1_20260607_160057.mp3,2026_f1_audio/NOR_1_20260607_160057.mp3,engineer
Monaco Grand Prix,Race,2026-06-07,16:02,ALB,Albon,Williams,"Is there a reason for this? Because if I'm Peter, what should I do? I mean, I'm happy to do it, but are we just risking something for nothing?",https://d1bntksftjpew6.cloudfront.net/v1/audio/2026/Monaco Grand Prix/Race/ALB_23_20260607_160244.mp3,2026_f1_audio/ALB_23_20260607_160244.mp3,driver
Monaco Grand Prix,Race,2026-06-07,16:04,NOR,Norris,McLaren,Something's wrong. I got nothing my battery,https://d1bntksftjpew6.cloudfront.net/v1/audio/2026/Monaco Grand Prix/Race/NOR_1_20260607_160401.mp3,2026_f1_audio/NOR_1_20260607_160401.mp3,driver
Monaco Grand Prix,Race,2026-06-07,16:05,SAI,Sainz,Williams,"You end point now, no mistake.",https://d1bntksftjpew6.cloudfront.net/v1/audio/2026/Monaco Grand Prix/Race/SAI_55_20260607_160551.mp3,2026_f1_audio/SAI_55_20260607_160551.mp3,engineer
Monaco Grand Prix,Race,2026-06-07,16:07,ANT,Antonelli,Mercedes,"And if we were to stop again, I'm a safety car, we have plenty of margin, you just have to be really careful on the entry and exit. What you did last time was perfectly fine. Yeah, but I don't think we need to stop. No, no, no, it's only a safer car. You can get a free stop, that's all.",https://d1bntksftjpew6.cloudfront.net/v1/audio/2026/Monaco Grand Prix/Race/ANT_12_20260607_160731.mp3,2026_f1_audio/ANT_12_20260607_160731.mp3,engineer
Monaco Grand Prix,Race,2026-06-07,16:14,ANT,Antonelli,Mercedes,And there's something weird with the engine off the hill. Let's have a look.,https://d1bntksftjpew6.cloudfront.net/v1/audio/2026/Monaco Grand Prix/Race/ANT_12_20260607_161447.mp3,2026_f1_audio/ANT_12_20260607_161447.mp3,driver
Monaco Grand Prix,Race,2026-06-07,16:16,ANT,Antonelli,Mercedes,"Okay, give me fastest lap, we don't beat them.",https://d1bntksftjpew6.cloudfront.net/v1/audio/2026/Monaco Grand Prix/Race/ANT_12_20260607_161605.mp3,2026_f1_audio/ANT_12_20260607_161605.mp3,engineer
Monaco Grand Prix,Race,2026-06-07,16:23,ANT,Antonelli,Mercedes,"What do I do I was too late, okay",https://d1bntksftjpew6.cloudfront.net/v1/audio/2026/Monaco Grand Prix/Race/ANT_12_20260607_162334.mp3,2026_f1_audio/ANT_12_20260607_162334.mp3,driver
Monaco Grand Prix,Race,2026-06-07,16:29,RUS,Russell,Mercedes,"And have I served my penalty or not? I spent about 10 seconds in the pit lane. Not listening to Hajar. Watch, let's talk about it after. Yeah, I just need to know. If I'm in a 5 second penalty and I'm still behind Hajar on hard times... George, I'll give you the messages as the messages come through, okay? Yeah, alright, thanks.",https://d1bntksftjpew6.cloudfront.net/v1/audio/2026/Monaco Grand Prix/Race/RUS_63_20260607_162906.mp3,2026_f1_audio/RUS_63_20260607_162906.mp3,driver
Monaco Grand Prix,Race,2026-06-07,16:31,LEC,Leclerc,Ferrari,"Honestly, I'm not even going to take the f***ing plane. Please f***ing brake!",https://d1bntksftjpew6.cloudfront.net/v1/audio/2026/Monaco Grand Prix/Race/LEC_16_20260607_163159.mp3,2026_f1_audio/LEC_16_20260607_163159.mp3,driver
Monaco Grand Prix,Race,2026-06-07,16:57,RUS,Russell,Mercedes,"And Josh, thank you, Alex. Way more than thanks, Alex. Can't be.",https://d1bntksftjpew6.cloudfront.net/v1/audio/2026/Monaco Grand Prix/Race/RUS_63_20260607_165733.mp3,2026_f1_audio/RUS_63_20260607_165733.mp3,driver
Monaco Grand Prix,Race,2026-06-07,17:10,PIA,Piastri,McLaren,"Oscar, the FAA have said unlikely discrepancy for the standing restock would be some laps behind the safety car. They've said they'll take a very dim view if people leave for more than 10 car lengths.",https://d1bntksftjpew6.cloudfront.net/v1/audio/2026/Monaco Grand Prix/Race/PIA_81_20260607_171009.mp3,2026_f1_audio/PIA_81_20260607_171009.mp3,engineer
Monaco Grand Prix,Race,2026-06-07,17:13,HAD,Hadjar,Red Bull,"Yeah, keep pushing, keep pushing, aeronaut power, it's coming back.",https://d1bntksftjpew6.cloudfront.net/v1/audio/2026/Monaco Grand Prix/Race/HAD_6_20260607_171340.mp3,2026_f1_audio/HAD_6_20260607_171340.mp3,engineer
Monaco Grand Prix,Race,2026-06-07,17:22,HAM,Hamilton,Ferrari,"And delay turn in 5 and 6. Thank you, sir.",https://d1bntksftjpew6.cloudfront.net/v1/audio/2026/Monaco Grand Prix/Race/HAM_44_20260607_172206.mp3,2026_f1_audio/HAM_44_20260607_172206.mp3,engineer
Monaco Grand Prix,Race,2026-06-07,17:28,HAM,Hamilton,Ferrari,"And well done, Lewis. Great job, guys. Sorry I couldn't pull the win. Sorry I couldn't get the win in the end. They just had the upper hand on us this weekend. But mega result. Really grateful for all the hard work. And let's continue to push. Thank you. Grazie a tutti. Grazie a tutti, Lewis. For today, we can be happy.",https://d1bntksftjpew6.cloudfront.net/v1/audio/2026/Monaco Grand Prix/Race/HAM_44_20260607_172801.mp3,2026_f1_audio/HAM_44_20260607_172801.mp3,engineer
Monaco Grand Prix,Race,2026-06-07,17:32,LIN,Lindblad,Racing Bulls,"Pistons, Arvid, well done. Well, congratulations, everyone. Unbelievable result. Amazing work. Yeah, thank you to everyone. Thank you to everyone on the track and fans and all the team kids as well. Amazing result from the team. Congratulations. Arvid, it's Arlen. Well done, mate. Thank you for your patience. Thank you for your team play. It paid off. Brilliant, brilliant stuff. Yeah, congratulations, guys. Thanks, Arlen. It was a real team effort today. We got some luck, but amazing execution from everyone. So, thank you. Well done, well done. Everyone is being big time here, Arvid. Very good difference.",https://d1bntksftjpew6.cloudfront.net/v1/audio/2026/Monaco Grand Prix/Race/LIN_41_20260607_173220.mp3,2026_f1_audio/LIN_41_20260607_173220.mp3,engineer
Monaco Grand Prix,Race,2026-06-07,17:34,PIA,Piastri,McLaren,"Good afternoon mate, that was good, good progress from an E7 start. Yep, yeah well done, uh yeah, Debra did make up those three spots on pace but uh, we stuck in at 1 .2 and well done. Yeah I heard what you said, we will be obviously doing everything we can for the bay and Austin. Just to say again, good good job mate, I know we did lag pace but uh we kept it clean, we stayed out of trouble most of it and uh, it's a good result for the way we're going this weekend.",https://d1bntksftjpew6.cloudfront.net/v1/audio/2026/Monaco Grand Prix/Race/PIA_81_20260607_173431.mp3,2026_f1_audio/PIA_81_20260607_173431.mp3,engineer
Monaco Grand Prix,Race,2026-06-07,17:36,ALB,Albon,Williams,"Alex it was a tough afternoon to walk away with, V8 is a good result, well done to you, I know it's tough out there with all the battery issues and the car, I'll look into that, but well done, V8, really good points, we'll keep moving forward. Yeah thanks James. Yeah it'll be interesting to see how everyone watches this. Hey so who is it? Straight by Steve. Yeah well done, it's been a weekend so thanks everyone, thanks for all the hard work.",https://d1bntksftjpew6.cloudfront.net/v1/audio/2026/Monaco Grand Prix/Race/ALB_23_20260607_173615.mp3,2026_f1_audio/ALB_23_20260607_173615.mp3,engineer
Monaco Grand Prix,Race,2026-06-07,17:38,OCO,Ocon,Haas,"Nice job. We definitely deserve this one. Yeah, good job, guys. Good job. Hats off to the strategists today. That was quite impressive. Thank you. Shout out to Hazard and Edge. Yes. Okay, Aseran. We're P9, actually, because Niko got a 10 -second penalty. Copy that. Awesome. Awesome. Was Hatch our third? Yes, yes, he is, actually. Yeah, super happy for him. That's nice. I'm very happy for us, too. So, P1, wait a few seconds, and go to P0. Thank you for this weekend, guys. Thank you, man.",https://d1bntksftjpew6.cloudfront.net/v1/audio/2026/Monaco Grand Prix/Race/OCO_31_20260607_173835.mp3,2026_f1_audio/OCO_31_20260607_173835.mp3,engineer
Barcelona Grand Prix,Qualifying,2026-06-13,16:19,PER,Perez,Cadillac,"But anyway, I think we maximize it for tomorrow. We are Yeah, that's the compromise",https://d1bntksftjpew6.cloudfront.net/v1/audio/2026/Barcelona Grand Prix/Qualifying/PER_11_20260613_161915.mp3,2026_f1_audio/PER_11_20260613_161915.mp3,driver
Barcelona Grand Prix,Qualifying,2026-06-13,16:21,BOT,Bottas,Cadillac,"All right, that's E20. Russ. Okay. Yeah, nice and good at the car, buddy. That was a good sector one. I had some good time there.",https://d1bntksftjpew6.cloudfront.net/v1/audio/2026/Barcelona Grand Prix/Qualifying/BOT_77_20260613_162111.mp3,2026_f1_audio/BOT_77_20260613_162111.mp3,engineer
Barcelona Grand Prix,Qualifying,2026-06-13,16:42,LIN,Lindblad,Racing Bulls,"Got that P -11 of it. I'm really, really sorry. We don't know what's happened. Yeah. It's fine. It's done now. We're out for tomorrow. Is what it is. Thank you everyone for the work anyway.",https://d1bntksftjpew6.cloudfront.net/v1/audio/2026/Barcelona Grand Prix/Qualifying/LIN_41_20260613_164253.mp3,2026_f1_audio/LIN_41_20260613_164253.mp3,driver
Barcelona Grand Prix,Qualifying,2026-06-13,16:44,HUL,Hulkenberg,Audi,"And we are through, Nico, D3, good job. Yep, that's a day. That's a day.",https://d1bntksftjpew6.cloudfront.net/v1/audio/2026/Barcelona Grand Prix/Qualifying/HUL_27_20260613_164419.mp3,2026_f1_audio/HUL_27_20260613_164419.mp3,engineer
Barcelona Grand Prix,Qualifying,2026-06-13,17:14,HAM,Hamilton,Ferrari,"And we are P2, and I said P1. Good job, guys. I lost that. In turn one, a bit deep. Great job, guys.",https://d1bntksftjpew6.cloudfront.net/v1/audio/2026/Barcelona Grand Prix/Qualifying/HAM_44_20260613_171408.mp3,2026_f1_audio/HAM_44_20260613_171408.mp3,engineer
Barcelona Grand Prix,Qualifying,2026-06-13,17:17,HAD,Hadjar,Red Bull,"Ah! I unfolded the laptop in turn 1. I could have done it, man. But the rest was good. Good job, mate. P6. P6. Ah! Thank you. But mate, that is... sugar for an 849. Like, the amount of time I left turn 1 was... entirely my fault. Yeah, mate. T -Mapper, look. T -Mapper. I just told you. Still be happy with that. Sorry, Laurent. No, no. Well done, Zach. Well done. It's a very good job. It's a very good job. Make a weekend was difficult for everyone, and you kept putting your head down, and put it where it can be today. So well done.",https://d1bntksftjpew6.cloudfront.net/v1/audio/2026/Barcelona Grand Prix/Qualifying/HAD_6_20260613_171746.mp3,2026_f1_audio/HAD_6_20260613_171746.mp3,driver
Barcelona Grand Prix,Qualifying,2026-06-13,17:19,HUL,Hulkenberg,Audi,"OK Niko, pick up, so V9, V8, with a 16 .5, just over 1 kt faster Yep, it's a peak, I'll display for tomorrow Yeah, definitely",https://d1bntksftjpew6.cloudfront.net/v1/audio/2026/Barcelona Grand Prix/Qualifying/HUL_27_20260613_171913.mp3,2026_f1_audio/HUL_27_20260613_171913.mp3,engineer
Barcelona Grand Prix,Race,2026-06-14,14:24,HAM,Hamilton,Ferrari,"Eval, what do you think of it? What do you think of it? Maybe looking for ears?",https://d1bntksftjpew6.cloudfront.net/v1/audio/2026/Barcelona Grand Prix/Race/HAM_44_20260614_142413.mp3,2026_f1_audio/HAM_44_20260614_142413.mp3,driver
Barcelona Grand Prix,Race,2026-06-14,14:29,ANT,Antonelli,Mercedes,"Brakes feel quite bad already, quite long. Feels like air is in the system. Copy, we'll have a look at it.",https://d1bntksftjpew6.cloudfront.net/v1/audio/2026/Barcelona Grand Prix/Race/ANT_12_20260614_142921.mp3,2026_f1_audio/ANT_12_20260614_142921.mp3,driver
Barcelona Grand Prix,Race,2026-06-14,15:15,NOR,Norris,McLaren,"Lando, how's the pace, how's the tires? Just, yeah, sliding everywhere.",https://d1bntksftjpew6.cloudfront.net/v1/audio/2026/Barcelona Grand Prix/Race/NOR_1_20260614_151530.mp3,2026_f1_audio/NOR_1_20260614_151530.mp3,engineer
Barcelona Grand Prix,Race,2026-06-14,15:18,VER,Verstappen,Red Bull,"Yeah, it's not like a lot to the bias the league on the street. It's not impressive",https://d1bntksftjpew6.cloudfront.net/v1/audio/2026/Barcelona Grand Prix/Race/VER_3_20260614_151828.mp3,2026_f1_audio/VER_3_20260614_151828.mp3,driver
Barcelona Grand Prix,Race,2026-06-14,15:19,RUS,Russell,Mercedes,Is that Lewis in? He's probably going for a three.,https://d1bntksftjpew6.cloudfront.net/v1/audio/2026/Barcelona Grand Prix/Race/RUS_63_20260614_151935.mp3,2026_f1_audio/RUS_63_20260614_151935.mp3,engineer
Barcelona Grand Prix,Race,2026-06-14,15:22,RUS,Russell,Mercedes,"If I was managing in that first stint, you could have given me the heads up, but you've exposed me to Kimmy now. I don't think it's going to be long for everyone. If I needed to update you on the plan, that would be really, really quick. Still on plan here, Jordan. Nothing to worry about here.",https://d1bntksftjpew6.cloudfront.net/v1/audio/2026/Barcelona Grand Prix/Race/RUS_63_20260614_152240.mp3,2026_f1_audio/RUS_63_20260614_152240.mp3,engineer
Barcelona Grand Prix,Race,2026-06-14,15:24,LEC,Leclerc,Ferrari,"And Fox Charles Fox, we have the gap to cover Piasco We don't care about Piasco, let's look for the head before the face Ok, let me know on flat, we stay out this lap then, stay out this lap",https://d1bntksftjpew6.cloudfront.net/v1/audio/2026/Barcelona Grand Prix/Race/LEC_16_20260614_152415.mp3,2026_f1_audio/LEC_16_20260614_152415.mp3,engineer
Barcelona Grand Prix,Race,2026-06-14,15:30,COL,Colapinto,Alpine,"Okay, Frank, this is an instruction. We need to switch cars into turn one. Please switch into turn one. Switch cars? Paper. Two into turn four, please. Turn four, switch the cars. It's one out of seconds, Rod. What are you blushing?",https://d1bntksftjpew6.cloudfront.net/v1/audio/2026/Barcelona Grand Prix/Race/COL_43_20260614_153044.mp3,2026_f1_audio/COL_43_20260614_153044.mp3,engineer
Barcelona Grand Prix,Race,2026-06-14,15:32,ANT,Antonelli,Mercedes,"Happy with fortune. Affirm, Kimmy. Good lap times.",https://d1bntksftjpew6.cloudfront.net/v1/audio/2026/Barcelona Grand Prix/Race/ANT_12_20260614_153235.mp3,2026_f1_audio/ANT_12_20260614_153235.mp3,driver
Barcelona Grand Prix,Race,2026-06-14,15:37,HUL,Hulkenberg,Audi,I'm on the break here. Dangerous.,https://d1bntksftjpew6.cloudfront.net/v1/audio/2026/Barcelona Grand Prix/Race/HUL_27_20260614_153713.mp3,2026_f1_audio/HUL_27_20260614_153713.mp3,engineer
Barcelona Grand Prix,Race,2026-06-14,15:43,RUS,Russell,Mercedes,"To update, Lewis will be on a 3. We are still racing at Norris so we need to keep these lap times going.",https://d1bntksftjpew6.cloudfront.net/v1/audio/2026/Barcelona Grand Prix/Race/RUS_63_20260614_154302.mp3,2026_f1_audio/RUS_63_20260614_154302.mp3,engineer
Barcelona Grand Prix,Race,2026-06-14,15:43,ANT,Antonelli,Mercedes,"It's going to give me black or white flag for track limits, so no more of those please, otherwise it's a five second penalty.",https://d1bntksftjpew6.cloudfront.net/v1/audio/2026/Barcelona Grand Prix/Race/ANT_12_20260614_154351.mp3,2026_f1_audio/ANT_12_20260614_154351.mp3,engineer
Barcelona Grand Prix,Race,2026-06-14,15:47,HAM,Hamilton,Ferrari,Do you know what time they need to do? 20 .9. Charlie's in forward. You are a different strategy.,https://d1bntksftjpew6.cloudfront.net/v1/audio/2026/Barcelona Grand Prix/Race/HAM_44_20260614_154710.mp3,2026_f1_audio/HAM_44_20260614_154710.mp3,engineer
Barcelona Grand Prix,Race,2026-06-14,15:49,ANT,Antonelli,Mercedes,"Give you a reminder the track limits, let's not take any risks",https://d1bntksftjpew6.cloudfront.net/v1/audio/2026/Barcelona Grand Prix/Race/ANT_12_20260614_154909.mp3,2026_f1_audio/ANT_12_20260614_154909.mp3,engineer
Barcelona Grand Prix,Race,2026-06-14,15:50,HAM,Hamilton,Ferrari,"Am I catching now? You are catching really well. Keep pushing, keep pushing.",https://d1bntksftjpew6.cloudfront.net/v1/audio/2026/Barcelona Grand Prix/Race/HAM_44_20260614_155019.mp3,2026_f1_audio/HAM_44_20260614_155019.mp3,engineer
Barcelona Grand Prix,Race,2026-06-14,15:50,ANT,Antonelli,Mercedes,"Thank you, it won't be long for George. We are at risk for Norris behind in 3 .9 seconds.",https://d1bntksftjpew6.cloudfront.net/v1/audio/2026/Barcelona Grand Prix/Race/ANT_12_20260614_155042.mp3,2026_f1_audio/ANT_12_20260614_155042.mp3,engineer
Barcelona Grand Prix,Race,2026-06-14,15:51,ANT,Antonelli,Mercedes,"So let's not slow each other down racing, we need to keep that gap to Morris, nice and healthy, now at 4 .3.",https://d1bntksftjpew6.cloudfront.net/v1/audio/2026/Barcelona Grand Prix/Race/ANT_12_20260614_155119.mp3,2026_f1_audio/ANT_12_20260614_155119.mp3,engineer
Barcelona Grand Prix,Race,2026-06-14,15:54,ANT,Antonelli,Mercedes,"It won't be long, Kimmy. Got to cover Norse.",https://d1bntksftjpew6.cloudfront.net/v1/audio/2026/Barcelona Grand Prix/Race/ANT_12_20260614_155413.mp3,2026_f1_audio/ANT_12_20260614_155413.mp3,engineer
Barcelona Grand Prix,Race,2026-06-14,15:56,HAM,Hamilton,Ferrari,And we are planning other seven laps on this set. This is our race. Give everything these seven laps. It's the critical moment. We have our chance.,https://d1bntksftjpew6.cloudfront.net/v1/audio/2026/Barcelona Grand Prix/Race/HAM_44_20260614_155654.mp3,2026_f1_audio/HAM_44_20260614_155654.mp3,engineer
Barcelona Grand Prix,Race,2026-06-14,15:58,RUS,Russell,Mercedes,and we are forecast to be battling with Lewis end of race on that three stop,https://d1bntksftjpew6.cloudfront.net/v1/audio/2026/Barcelona Grand Prix/Race/RUS_63_20260614_155835.mp3,2026_f1_audio/RUS_63_20260614_155835.mp3,engineer
Barcelona Grand Prix,Race,2026-06-14,16:01,HAM,Hamilton,Ferrari,And your iPhone,https://d1bntksftjpew6.cloudfront.net/v1/audio/2026/Barcelona Grand Prix/Race/HAM_44_20260614_160131.mp3,2026_f1_audio/HAM_44_20260614_160131.mp3,driver
Barcelona Grand Prix,Race,2026-06-14,16:01,HAM,Hamilton,Ferrari,Great job guys,https://d1bntksftjpew6.cloudfront.net/v1/audio/2026/Barcelona Grand Prix/Race/HAM_44_20260614_160155.mp3,2026_f1_audio/HAM_44_20260614_160155.mp3,driver
Barcelona Grand Prix,Race,2026-06-14,16:03,RUS,Russell,Mercedes,"24 laps remaining, that's the race up ahead of you, got 1 .3 behind",https://d1bntksftjpew6.cloudfront.net/v1/audio/2026/Barcelona Grand Prix/Race/RUS_63_20260614_160340.mp3,2026_f1_audio/RUS_63_20260614_160340.mp3,engineer
Barcelona Grand Prix,Race,2026-06-14,16:11,NOR,Norris,McLaren,"And Land of Our Race is having better pace over the whole stint than the cars ahead. I just said pace, so I either go with them or I drop back and it's gone. So I can't devise I'm afraid.",https://d1bntksftjpew6.cloudfront.net/v1/audio/2026/Barcelona Grand Prix/Race/NOR_1_20260614_161143.mp3,2026_f1_audio/NOR_1_20260614_161143.mp3,engineer
Barcelona Grand Prix,Race,2026-06-14,16:13,NOR,Norris,McLaren,"Zalando at the end of the race I want to be with him, give me a head he's got three strikes already",https://d1bntksftjpew6.cloudfront.net/v1/audio/2026/Barcelona Grand Prix/Race/NOR_1_20260614_161310.mp3,2026_f1_audio/NOR_1_20260614_161310.mp3,engineer
Barcelona Grand Prix,Race,2026-06-14,16:14,HAM,Hamilton,Ferrari,"15 laps to go you were doing a good job, so you can go on",https://d1bntksftjpew6.cloudfront.net/v1/audio/2026/Barcelona Grand Prix/Race/HAM_44_20260614_161436.mp3,2026_f1_audio/HAM_44_20260614_161436.mp3,engineer
Barcelona Grand Prix,Race,2026-06-14,16:15,ANT,Antonelli,Mercedes,"Gap at 0 .9, 1 .3 behind I have 0 .1 more, please, front Copy that, Gibby",https://d1bntksftjpew6.cloudfront.net/v1/audio/2026/Barcelona Grand Prix/Race/ANT_12_20260614_161533.mp3,2026_f1_audio/ANT_12_20260614_161533.mp3,engineer
Barcelona Grand Prix,Race,2026-06-14,16:15,RUS,Russell,Mercedes,"I want to pick up the pace here, George.",https://d1bntksftjpew6.cloudfront.net/v1/audio/2026/Barcelona Grand Prix/Race/RUS_63_20260614_161559.mp3,2026_f1_audio/RUS_63_20260614_161559.mp3,engineer
Barcelona Grand Prix,Race,2026-06-14,16:16,NOR,Norris,McLaren,and it's quite clear that Anceli has been off track more than three times we've reported it to the FIA we expect he should get at least a five second penalty,https://d1bntksftjpew6.cloudfront.net/v1/audio/2026/Barcelona Grand Prix/Race/NOR_1_20260614_161650.mp3,2026_f1_audio/NOR_1_20260614_161650.mp3,engineer
Barcelona Grand Prix,Race,2026-06-14,16:24,HAM,Hamilton,Ferrari,And bmig3 suggestion. I don't know where I am. I have set the repeat to 1.,https://d1bntksftjpew6.cloudfront.net/v1/audio/2026/Barcelona Grand Prix/Race/HAM_44_20260614_162432.mp3,2026_f1_audio/HAM_44_20260614_162432.mp3,engineer
Barcelona Grand Prix,Race,2026-06-14,16:29,ANT,Antonelli,Mercedes,"So Kimi, you've got five laps remaining, so just warning for track limits everywhere, turn five, exit, turn ten, exit.",https://d1bntksftjpew6.cloudfront.net/v1/audio/2026/Barcelona Grand Prix/Race/ANT_12_20260614_162900.mp3,2026_f1_audio/ANT_12_20260614_162900.mp3,engineer
Barcelona Grand Prix,Race,2026-06-14,16:29,LEC,Leclerc,Ferrari,"Ah, look the posture. I'm losing the posture",https://d1bntksftjpew6.cloudfront.net/v1/audio/2026/Barcelona Grand Prix/Race/LEC_16_20260614_162944.mp3,2026_f1_audio/LEC_16_20260614_162944.mp3,driver
Barcelona Grand Prix,Race,2026-06-14,16:37,HAM,Hamilton,Ferrari,"Well done, Luis. Well done. Finally, you both, you deserve the first ERA that we will always remember. Thank you. Congratulations with G. Thank you. Ciao, ragazzi. Grazie a tutti. I'm Marinello. Thank you so much. You helped me achieve this dream. And I just, I can't thank you enough. Thank you for everyone pushing so hard back at home. I'm so proud of you. And to my family, I love you. And to the fans, thank you for continuing to remind me who I am. Couldn't have done this without you. Grazie. Grazie a tutti, Luis.",https://d1bntksftjpew6.cloudfront.net/v1/audio/2026/Barcelona Grand Prix/Race/HAM_44_20260614_163708.mp3,2026_f1_audio/HAM_44_20260614_163708.mp3,driver
Barcelona Grand Prix,Race,2026-06-14,16:38,HAM,Hamilton,Ferrari,"Let's go! For the Ferrari! For the Ferrari! Guys, thank you for those great pit stops as well. Sorry I have to talk and I'm so proud of you. Thank you.",https://d1bntksftjpew6.cloudfront.net/v1/audio/2026/Barcelona Grand Prix/Race/HAM_44_20260614_163825.mp3,2026_f1_audio/HAM_44_20260614_163825.mp3,driver
Barcelona Grand Prix,Race,2026-06-14,16:40,NOR,Norris,McLaren,"Ah, nice point 3. Point 3, bottom 8. Yeah, well done, Grace. See us back on the third guys. Please just keep it going. We need to catch them up! We need to catch them up!",https://d1bntksftjpew6.cloudfront.net/v1/audio/2026/Barcelona Grand Prix/Race/NOR_1_20260614_164037.mp3,2026_f1_audio/NOR_1_20260614_164037.mp3,driver
Barcelona Grand Prix,Race,2026-06-14,16:40,RUS,Russell,Mercedes,"Okay, set. 8 -2. Tough race. Sorry if you can't hear me. Yeah, I agree. Tough race for the team, mate.",https://d1bntksftjpew6.cloudfront.net/v1/audio/2026/Barcelona Grand Prix/Race/RUS_63_20260614_164059.mp3,2026_f1_audio/RUS_63_20260614_164059.mp3,engineer
Barcelona Grand Prix,Race,2026-06-14,16:42,LIN,Lindblad,Racing Bulls,"But your face was Yeah, yeah, let's thank you for the work, let's let's review when we get back next week We lost the time Regardless, thank you for the efforts Yeah, I think I think was a very great day",https://d1bntksftjpew6.cloudfront.net/v1/audio/2026/Barcelona Grand Prix/Race/LIN_41_20260614_164234.mp3,2026_f1_audio/LIN_41_20260614_164234.mp3,engineer
Barcelona Grand Prix,Race,2026-06-14,16:42,VER,Verstappen,Red Bull,"Well done, Max. Yeah, I think so. Yeah, it's one race, the other one's ahead. But, yeah, it's all right. Well done, Max. That was the maximum. I like the way you achieved today. Well done with the pace and the high amount of momentum all through the race.",https://d1bntksftjpew6.cloudfront.net/v1/audio/2026/Barcelona Grand Prix/Race/VER_3_20260614_164252.mp3,2026_f1_audio/VER_3_20260614_164252.mp3,engineer
Barcelona Grand Prix,Race,2026-06-14,16:44,COL,Colapinto,Alpine,"Hold up, lower points. Hold up, don't get moved.",https://d1bntksftjpew6.cloudfront.net/v1/audio/2026/Barcelona Grand Prix/Race/COL_43_20260614_164437.mp3,2026_f1_audio/COL_43_20260614_164437.mp3,driver
Barcelona Grand Prix,Race,2026-06-14,16:46,HAD,Hadjar,Red Bull,"I'm going to apologise for that start to the tournament night. Yeah, I mean, the whole weekend has been terrible, so... Like, there's one task for us, and to break the ring is just the start, please. Because we're going backwards now.",https://d1bntksftjpew6.cloudfront.net/v1/audio/2026/Barcelona Grand Prix/Race/HAD_6_20260614_164656.mp3,2026_f1_audio/HAD_6_20260614_164656.mp3,engineer
Austrian Grand Prix,Qualifying,2026-06-27,16:12,RUS,Russell,Mercedes,"Just a bit similar to the FB3 runs, four -wheel sliding.",https://d1bntksftjpew6.cloudfront.net/v1/audio/2026/Austrian Grand Prix/Qualifying/RUS_63_20260627_161240.mp3,2026_f1_audio/RUS_63_20260627_161240.mp3,driver
Austrian Grand Prix,Qualifying,2026-06-27,16:19,ALO,Alonso,Aston Martin,"Yeah, that's a good lap, and yeah, not what we want, but not too far, not too far, we're getting closer.",https://d1bntksftjpew6.cloudfront.net/v1/audio/2026/Austrian Grand Prix/Qualifying/ALO_14_20260627_161926.mp3,2026_f1_audio/ALO_14_20260627_161926.mp3,driver
Austrian Grand Prix,Qualifying,2026-06-27,16:33,PIA,Piastri,McLaren,The center line of my right front tire looks like it's got some weird lines in it.,https://d1bntksftjpew6.cloudfront.net/v1/audio/2026/Austrian Grand Prix/Qualifying/PIA_81_20260627_163353.mp3,2026_f1_audio/PIA_81_20260627_163353.mp3,driver
Austrian Grand Prix,Qualifying,2026-06-27,16:35,RUS,Russell,Mercedes,"North, just drive.",https://d1bntksftjpew6.cloudfront.net/v1/audio/2026/Austrian Grand Prix/Qualifying/RUS_63_20260627_163526.mp3,2026_f1_audio/RUS_63_20260627_163526.mp3,engineer
Austrian Grand Prix,Qualifying,2026-06-27,16:41,GAS,Gasly,Alpine,All that good luck to me with you we are not,https://d1bntksftjpew6.cloudfront.net/v1/audio/2026/Austrian Grand Prix/Qualifying/GAS_10_20260627_164119.mp3,2026_f1_audio/GAS_10_20260627_164119.mp3,engineer
Austrian Grand Prix,Qualifying,2026-06-27,16:42,BEA,Bearman,Haas,"That was what she had really guys. That was a really pretty good love Sure, sorry, you know, it looked good. Well, it will be tomorrow. Thanks Ollie",https://d1bntksftjpew6.cloudfront.net/v1/audio/2026/Austrian Grand Prix/Qualifying/BEA_87_20260627_164253.mp3,2026_f1_audio/BEA_87_20260627_164253.mp3,driver
Austrian Grand Prix,Qualifying,2026-06-27,16:44,OCO,Ocon,Haas,"Yeah, I was happy with that a lot to be honest. Nothing left. Probably is.",https://d1bntksftjpew6.cloudfront.net/v1/audio/2026/Austrian Grand Prix/Qualifying/OCO_31_20260627_164417.mp3,2026_f1_audio/OCO_31_20260627_164417.mp3,driver
Austrian Grand Prix,Qualifying,2026-06-27,16:54,HAM,Hamilton,Ferrari,"Can I go for a second map negative? Oh, he's supposed to have a supposed to have a bank it feel why",https://d1bntksftjpew6.cloudfront.net/v1/audio/2026/Austrian Grand Prix/Qualifying/HAM_44_20260627_165412.mp3,2026_f1_audio/HAM_44_20260627_165412.mp3,engineer
Austrian Grand Prix,Qualifying,2026-06-27,17:07,ANT,Antonelli,Mercedes,"That was the love man, that was the love oh my god, that was the love",https://d1bntksftjpew6.cloudfront.net/v1/audio/2026/Austrian Grand Prix/Qualifying/ANT_12_20260627_170748.mp3,2026_f1_audio/ANT_12_20260627_170748.mp3,driver
Austrian Grand Prix,Qualifying,2026-06-27,17:11,RUS,Russell,Mercedes,"Lifted entry to that corner, lost a lot of time, but I lifted, big lift on the entry to that corner, I lost a good tenth and a bit.",https://d1bntksftjpew6.cloudfront.net/v1/audio/2026/Austrian Grand Prix/Qualifying/RUS_63_20260627_171113.mp3,2026_f1_audio/RUS_63_20260627_171113.mp3,driver
Austrian Grand Prix,Qualifying,2026-06-27,17:11,RUS,Russell,Mercedes,"Nice job. Stay calmo, stay calmo. Just drive. Just drive. And enjoy. Just drive, the boss says. Nice work, well done. That was a really good lap. Oh, beautiful. Beautiful. It was hooked up like a beauty!",https://d1bntksftjpew6.cloudfront.net/v1/audio/2026/Austrian Grand Prix/Qualifying/RUS_63_20260627_171131.mp3,2026_f1_audio/RUS_63_20260627_171131.mp3,driver
Austrian Grand Prix,Race,2026-06-28,14:31,GAS,Gasly,Alpine,"And the water is like 45 degrees, yeah like 50.",https://d1bntksftjpew6.cloudfront.net/v1/audio/2026/Austrian Grand Prix/Race/GAS_10_20260628_143137.mp3,2026_f1_audio/GAS_10_20260628_143137.mp3,driver
Austrian Grand Prix,Race,2026-06-28,14:32,PIA,Piastri,McLaren,"Um, can we just check that the left side of my seat, I mean I guess it's coming out, anyway, but it feels like it's not, probably in, uh, like around my left leg Probably not, yeah",https://d1bntksftjpew6.cloudfront.net/v1/audio/2026/Austrian Grand Prix/Race/PIA_81_20260628_143201.mp3,2026_f1_audio/PIA_81_20260628_143201.mp3,driver
Austrian Grand Prix,Race,2026-06-28,15:08,PER,Perez,Cadillac,"I'll follow that up as well, because I think that's good.",https://d1bntksftjpew6.cloudfront.net/v1/audio/2026/Austrian Grand Prix/Race/PER_11_20260628_150840.mp3,2026_f1_audio/PER_11_20260628_150840.mp3,driver
Austrian Grand Prix,Race,2026-06-28,15:14,RUS,Russell,Mercedes,"So the stamp could trigger this early, he is very close to Lewis, every extra second we can get.",https://d1bntksftjpew6.cloudfront.net/v1/audio/2026/Austrian Grand Prix/Race/RUS_63_20260628_151458.mp3,2026_f1_audio/RUS_63_20260628_151458.mp3,engineer
Austrian Grand Prix,Race,2026-06-28,15:16,VER,Verstappen,Red Bull,I respect,https://d1bntksftjpew6.cloudfront.net/v1/audio/2026/Austrian Grand Prix/Race/VER_3_20260628_151652.mp3,2026_f1_audio/VER_3_20260628_151652.mp3,driver
Austrian Grand Prix,Race,2026-06-28,15:18,HAM,Hamilton,Ferrari,"Out -of -lap critical, out -of -lap critical. Let's push.",https://d1bntksftjpew6.cloudfront.net/v1/audio/2026/Austrian Grand Prix/Race/HAM_44_20260628_151833.mp3,2026_f1_audio/HAM_44_20260628_151833.mp3,engineer
Austrian Grand Prix,Race,2026-06-28,15:22,RUS,Russell,Mercedes,"I think I saw a starfish over here too, the one stopping at the bus stop. I see them.",https://d1bntksftjpew6.cloudfront.net/v1/audio/2026/Austrian Grand Prix/Race/RUS_63_20260628_152244.mp3,2026_f1_audio/RUS_63_20260628_152244.mp3,driver
Austrian Grand Prix,Race,2026-06-28,15:24,HAM,Hamilton,Ferrari,"Hey, it's okay better now you're faster than sharp",https://d1bntksftjpew6.cloudfront.net/v1/audio/2026/Austrian Grand Prix/Race/HAM_44_20260628_152408.mp3,2026_f1_audio/HAM_44_20260628_152408.mp3,driver
Austrian Grand Prix,Race,2026-06-28,15:27,NOR,Norris,McLaren,"I know we're going to stay out, he'll get cleaner, we're going to extend. I've got no more pace, so this is it.",https://d1bntksftjpew6.cloudfront.net/v1/audio/2026/Austrian Grand Prix/Race/NOR_1_20260628_152707.mp3,2026_f1_audio/NOR_1_20260628_152707.mp3,engineer
Austrian Grand Prix,Race,2026-06-28,15:32,HAM,Hamilton,Ferrari,"And back on harder, since lower, we are thinking also about plumping. It doesn't feel that way to me, mate.",https://d1bntksftjpew6.cloudfront.net/v1/audio/2026/Austrian Grand Prix/Race/HAM_44_20260628_153219.mp3,2026_f1_audio/HAM_44_20260628_153219.mp3,engineer
Austrian Grand Prix,Race,2026-06-28,15:34,HAM,Hamilton,Ferrari,"Box, box, box. It's over too late. We can ride it.",https://d1bntksftjpew6.cloudfront.net/v1/audio/2026/Austrian Grand Prix/Race/HAM_44_20260628_153415.mp3,2026_f1_audio/HAM_44_20260628_153415.mp3,engineer
Austrian Grand Prix,Race,2026-06-28,15:35,ANT,Antonelli,Mercedes,"Bono, what is happening with this brake? I have no confidence. We've got a brake split, mate, so one's hotter than the other.",https://d1bntksftjpew6.cloudfront.net/v1/audio/2026/Austrian Grand Prix/Race/ANT_12_20260628_153534.mp3,2026_f1_audio/ANT_12_20260628_153534.mp3,driver
Austrian Grand Prix,Race,2026-06-28,15:42,HAM,Hamilton,Ferrari,"And more that yes more that yes, why do I think it's proteus damn, but you're already have no power",https://d1bntksftjpew6.cloudfront.net/v1/audio/2026/Austrian Grand Prix/Race/HAM_44_20260628_154230.mp3,2026_f1_audio/HAM_44_20260628_154230.mp3,engineer
Austrian Grand Prix,Race,2026-06-28,15:51,HAM,Hamilton,Ferrari,We need to get the piastre. I know you are dying,https://d1bntksftjpew6.cloudfront.net/v1/audio/2026/Austrian Grand Prix/Race/HAM_44_20260628_155100.mp3,2026_f1_audio/HAM_44_20260628_155100.mp3,engineer
Austrian Grand Prix,Race,2026-06-28,15:58,VER,Verstappen,Red Bull,"So, yeah, best you can at this stage of the race, we'll just try to build a bit of a tyre offset. Hope he gets into trouble towards the end. I'll take it. Copy.",https://d1bntksftjpew6.cloudfront.net/v1/audio/2026/Austrian Grand Prix/Race/VER_3_20260628_155813.mp3,2026_f1_audio/VER_3_20260628_155813.mp3,engineer
Austrian Grand Prix,Race,2026-06-28,15:59,RUS,Russell,Mercedes,"Though Kimi keeps extending, but that one's going to keep on extending and put us in the race.",https://d1bntksftjpew6.cloudfront.net/v1/audio/2026/Austrian Grand Prix/Race/RUS_63_20260628_155900.mp3,2026_f1_audio/RUS_63_20260628_155900.mp3,driver
Austrian Grand Prix,Race,2026-06-28,16:04,ANT,Antonelli,Mercedes,"Okay, come here, let's go. Just maintain the focus.",https://d1bntksftjpew6.cloudfront.net/v1/audio/2026/Austrian Grand Prix/Race/ANT_12_20260628_160408.mp3,2026_f1_audio/ANT_12_20260628_160408.mp3,engineer
Austrian Grand Prix,Race,2026-06-28,16:12,LEC,Leclerc,Ferrari,It's,https://d1bntksftjpew6.cloudfront.net/v1/audio/2026/Austrian Grand Prix/Race/LEC_16_20260628_161214.mp3,2026_f1_audio/LEC_16_20260628_161214.mp3,driver
Austrian Grand Prix,Race,2026-06-28,16:14,LEC,Leclerc,Ferrari,I want to have a good produce to stop again now nothing,https://d1bntksftjpew6.cloudfront.net/v1/audio/2026/Austrian Grand Prix/Race/LEC_16_20260628_161444.mp3,2026_f1_audio/LEC_16_20260628_161444.mp3,driver
Austrian Grand Prix,Race,2026-06-28,16:30,RUS,Russell,Mercedes,"Good job, mate. Woo! That was two years ago. Yabba -dabba -doo! Yabba -dabba -doo. Well, well done, guys. I'm happy. Well done. Thank you so, so. Good team result. Well done. Well done, everybody.",https://d1bntksftjpew6.cloudfront.net/v1/audio/2026/Austrian Grand Prix/Race/RUS_63_20260628_163044.mp3,2026_f1_audio/RUS_63_20260628_163044.mp3,engineer
Austrian Grand Prix,Race,2026-06-28,16:31,VER,Verstappen,Red Bull,"Ah, good job Max, well done. Throwing the wheels off it, that's normal. Thanks for the help.",https://d1bntksftjpew6.cloudfront.net/v1/audio/2026/Austrian Grand Prix/Race/VER_3_20260628_163139.mp3,2026_f1_audio/VER_3_20260628_163139.mp3,engineer
Austrian Grand Prix,Race,2026-06-28,16:32,RUS,Russell,Mercedes,"drink system failed, nice race for it to do so, I'm a little bit thirsty, great job well have a drink ready for your podium",https://d1bntksftjpew6.cloudfront.net/v1/audio/2026/Austrian Grand Prix/Race/RUS_63_20260628_163222.mp3,2026_f1_audio/RUS_63_20260628_163222.mp3,driver
British Grand Prix,Sprint Qualifying,2026-07-03,16:33,ANT,Antonelli,Mercedes,"Yeah, happy to go for lap one. Okay, let's do that.",https://d1bntksftjpew6.cloudfront.net/v1/audio/2026/British Grand Prix/Sprint Qualifying/ANT_12_20260703_163320.mp3,2026_f1_audio/ANT_12_20260703_163320.mp3,driver
British Grand Prix,Sprint Qualifying,2026-07-03,16:43,BEA,Bearman,Haas,"Okay, we have to be 17.",https://d1bntksftjpew6.cloudfront.net/v1/audio/2026/British Grand Prix/Sprint Qualifying/BEA_87_20260703_164351.mp3,2026_f1_audio/BEA_87_20260703_164351.mp3,driver
British Grand Prix,Sprint Qualifying,2026-07-03,16:45,OCO,Ocon,Haas,"And so we're both out, Ollie's 17, you're 18. Yeah, okay guys, let's not give it up. We'll get down.",https://d1bntksftjpew6.cloudfront.net/v1/audio/2026/British Grand Prix/Sprint Qualifying/OCO_31_20260703_164536.mp3,2026_f1_audio/OCO_31_20260703_164536.mp3,engineer
British Grand Prix,Sprint Qualifying,2026-07-03,16:58,LAW,Lawson,Racing Bulls,That's gonna be good. Very good luck,https://d1bntksftjpew6.cloudfront.net/v1/audio/2026/British Grand Prix/Sprint Qualifying/LAW_30_20260703_165816.mp3,2026_f1_audio/LAW_30_20260703_165816.mp3,driver
British Grand Prix,Sprint Qualifying,2026-07-03,17:02,LIN,Lindblad,Racing Bulls,Great sq3 good job. Thank you boys. Thank you very much. Thank you Luke for sorting out,https://d1bntksftjpew6.cloudfront.net/v1/audio/2026/British Grand Prix/Sprint Qualifying/LIN_41_20260703_170227.mp3,2026_f1_audio/LIN_41_20260703_170227.mp3,driver
British Grand Prix,Sprint Qualifying,2026-07-03,17:17,ANT,Antonelli,Mercedes,"Ok, give me stats, P2 mate, just 11 milliseconds to pole, so tight, but really good effort there mate. Ah f*** man, it's ok, we'll try again tomorrow.",https://d1bntksftjpew6.cloudfront.net/v1/audio/2026/British Grand Prix/Sprint Qualifying/ANT_12_20260703_171733.mp3,2026_f1_audio/ANT_12_20260703_171733.mp3,engineer
British Grand Prix,Sprint Qualifying,2026-07-03,17:18,LEC,Leclerc,Ferrari,"Very cool lap. Well, my turn. So, we're finished, you finished P thought. Hamilton P1. Yeah, I got quite a few snaps.",https://d1bntksftjpew6.cloudfront.net/v1/audio/2026/British Grand Prix/Sprint Qualifying/LEC_16_20260703_171843.mp3,2026_f1_audio/LEC_16_20260703_171843.mp3,driver
British Grand Prix,Sprint,2026-07-04,12:23,GAS,Gasly,Alpine,"Just keep opening the diff, go 1 .8 behind.",https://d1bntksftjpew6.cloudfront.net/v1/audio/2026/British Grand Prix/Sprint/GAS_10_20260704_122316.mp3,2026_f1_audio/GAS_10_20260704_122316.mp3,engineer
British Grand Prix,Sprint,2026-07-04,12:31,NOR,Norris,McLaren,"Yeah, well done. Good job. Just f***ing hang guys. Let's get a ride for what? This.",https://d1bntksftjpew6.cloudfront.net/v1/audio/2026/British Grand Prix/Sprint/NOR_1_20260704_123144.mp3,2026_f1_audio/NOR_1_20260704_123144.mp3,engineer
British Grand Prix,Sprint,2026-07-04,12:34,VER,Verstappen,Red Bull,Thanks Max for the fight. I'm sorry for lap one. Still have some work to do on two seats. Thanks for the fight.,https://d1bntksftjpew6.cloudfront.net/v1/audio/2026/British Grand Prix/Sprint/VER_3_20260704_123417.mp3,2026_f1_audio/VER_3_20260704_123417.mp3,engineer
British Grand Prix,Qualifying,2026-07-04,16:12,RUS,Russell,Mercedes,"Yeah, that was very weird. I've never looked there my whole career",https://d1bntksftjpew6.cloudfront.net/v1/audio/2026/British Grand Prix/Qualifying/RUS_63_20260704_161231.mp3,2026_f1_audio/RUS_63_20260704_161231.mp3,engineer
British Grand Prix,Qualifying,2026-07-04,16:12,RUS,Russell,Mercedes,"We think your front wing was set up the same, flat angle. Hey, Femi, have we set that before you left the garage?",https://d1bntksftjpew6.cloudfront.net/v1/audio/2026/British Grand Prix/Qualifying/RUS_63_20260704_161254.mp3,2026_f1_audio/RUS_63_20260704_161254.mp3,driver
British Grand Prix,Qualifying,2026-07-04,16:21,OCO,Ocon,Haas,"I had to live for that thing, you know. Yeah, I know. That was, again, nicely unlucky.",https://d1bntksftjpew6.cloudfront.net/v1/audio/2026/British Grand Prix/Qualifying/OCO_31_20260704_162130.mp3,2026_f1_audio/OCO_31_20260704_162130.mp3,engineer
British Grand Prix,Qualifying,2026-07-04,16:21,OCO,Ocon,Haas,"Yeah, well, you guys did a great job with the car. It was much better, so good job, yeah. It's a shame I'm always the unlucky guy. But there is. Yeah, that is getting annoying. Sorry, Esteban. I'm lucky I think you lost those two pens with the yellow.",https://d1bntksftjpew6.cloudfront.net/v1/audio/2026/British Grand Prix/Qualifying/OCO_31_20260704_162140.mp3,2026_f1_audio/OCO_31_20260704_162140.mp3,driver
British Grand Prix,Qualifying,2026-07-04,16:22,HUL,Hulkenberg,Audi,"Did Gabi have a problem, or why they only went up? He did, yeah. I'm not sure exactly what it was, but he got out and he got P12, as I guess you've seen.",https://d1bntksftjpew6.cloudfront.net/v1/audio/2026/British Grand Prix/Qualifying/HUL_27_20260704_162255.mp3,2026_f1_audio/HUL_27_20260704_162255.mp3,engineer
British Grand Prix,Qualifying,2026-07-04,16:49,BOR,Bortoleto,Audi,"You are currently p11. Sorry, it's okay. They can't have order. Sorry. Sorry team",https://d1bntksftjpew6.cloudfront.net/v1/audio/2026/British Grand Prix/Qualifying/BOR_5_20260704_164943.mp3,2026_f1_audio/BOR_5_20260704_164943.mp3,engineer
British Grand Prix,Qualifying,2026-07-04,16:53,BEA,Bearman,Haas,"Your P14, that's a good result Oli, that's a good result. Yeah, good job Oli, I know that's not what you want in your home Grand Prix, but you got the best out of it, thank you, we'll get better. Yeah, good job everyone, I think we've done the right thing again, which is all we can achieve at this stage.",https://d1bntksftjpew6.cloudfront.net/v1/audio/2026/British Grand Prix/Qualifying/BEA_87_20260704_165319.mp3,2026_f1_audio/BEA_87_20260704_165319.mp3,engineer
British Grand Prix,Qualifying,2026-07-04,17:07,PIA,Piastri,McLaren,"Yeah, that was, uh, that was full. Yeah, saw that one, Tally. All okay? Uh, yep. It's a good thing my underwear thought it was a black today, it's not white.",https://d1bntksftjpew6.cloudfront.net/v1/audio/2026/British Grand Prix/Qualifying/PIA_81_20260704_170734.mp3,2026_f1_audio/PIA_81_20260704_170734.mp3,driver
British Grand Prix,Qualifying,2026-07-04,17:11,LEC,Leclerc,Ferrari,"Confirmed. Peter, that was a good quality. Good lap, Charles. There wasn't much more, I think, in this stuff. I think we're on the right path. Let's just keep working. We'll get there. Thank you.",https://d1bntksftjpew6.cloudfront.net/v1/audio/2026/British Grand Prix/Qualifying/LEC_16_20260704_171117.mp3,2026_f1_audio/LEC_16_20260704_171117.mp3,engineer
British Grand Prix,Qualifying,2026-07-04,17:11,LEC,Leclerc,Ferrari,"Yeah, you've been working your ass off and it paid off",https://d1bntksftjpew6.cloudfront.net/v1/audio/2026/British Grand Prix/Qualifying/LEC_16_20260704_171143.mp3,2026_f1_audio/LEC_16_20260704_171143.mp3,engineer
British Grand Prix,Qualifying,2026-07-04,17:12,LAW,Lawson,Racing Bulls,"Now we can go to that kind of outside no idea. Yeah, it's very up and down. Yeah We had a small issue as well",https://d1bntksftjpew6.cloudfront.net/v1/audio/2026/British Grand Prix/Qualifying/LAW_30_20260704_171232.mp3,2026_f1_audio/LAW_30_20260704_171232.mp3,driver
British Grand Prix,Race,2026-07-05,15:40,HAM,Hamilton,Ferrari,"And box box, but my ties are still good my ties are still good",https://d1bntksftjpew6.cloudfront.net/v1/audio/2026/British Grand Prix/Race/HAM_44_20260705_154016.mp3,2026_f1_audio/HAM_44_20260705_154016.mp3,engineer
British Grand Prix,Race,2026-07-05,15:44,HAM,Hamilton,Ferrari,"We are P6, we are fighting for the podium, P3.",https://d1bntksftjpew6.cloudfront.net/v1/audio/2026/British Grand Prix/Race/HAM_44_20260705_154456.mp3,2026_f1_audio/HAM_44_20260705_154456.mp3,engineer
British Grand Prix,Race,2026-07-05,15:55,RUS,Russell,Mercedes,Let's blow punch a right rear. Move me or you do.,https://d1bntksftjpew6.cloudfront.net/v1/audio/2026/British Grand Prix/Race/RUS_63_20260705_155542.mp3,2026_f1_audio/RUS_63_20260705_155542.mp3,engineer
British Grand Prix,Race,2026-07-05,15:58,RUS,Russell,Mercedes,Oh my god,https://d1bntksftjpew6.cloudfront.net/v1/audio/2026/British Grand Prix/Race/RUS_63_20260705_155847.mp3,2026_f1_audio/RUS_63_20260705_155847.mp3,driver
British Grand Prix,Race,2026-07-05,16:02,ALB,Albon,Williams,"Alex, small feedback please for you, the wake belt was 4 load, copy, this way, 4 load. Same as the simulator, keep it to a full DD slope, can't really do it, what's it going to be? Copy.",https://d1bntksftjpew6.cloudfront.net/v1/audio/2026/British Grand Prix/Race/ALB_23_20260705_160209.mp3,2026_f1_audio/ALB_23_20260705_160209.mp3,engineer
British Grand Prix,Race,2026-07-05,16:08,ANT,Antonelli,Mercedes,country broken in the car,https://d1bntksftjpew6.cloudfront.net/v1/audio/2026/British Grand Prix/Race/ANT_12_20260705_160837.mp3,2026_f1_audio/ANT_12_20260705_160837.mp3,driver
British Grand Prix,Race,2026-07-05,16:10,ANT,Antonelli,Mercedes,"Vader, suspension is broken. Okay, copy, copy.",https://d1bntksftjpew6.cloudfront.net/v1/audio/2026/British Grand Prix/Race/ANT_12_20260705_161020.mp3,2026_f1_audio/ANT_12_20260705_161020.mp3,driver
British Grand Prix,Race,2026-07-05,16:10,ANT,Antonelli,Mercedes,We think it is just the wheel shield left hand side.,https://d1bntksftjpew6.cloudfront.net/v1/audio/2026/British Grand Prix/Race/ANT_12_20260705_161048.mp3,2026_f1_audio/ANT_12_20260705_161048.mp3,driver
British Grand Prix,Race,2026-07-05,16:12,ANT,Antonelli,Mercedes,"Okay, we're gonna try to box the goal. We'll try and remove the wheel shield and go again",https://d1bntksftjpew6.cloudfront.net/v1/audio/2026/British Grand Prix/Race/ANT_12_20260705_161231.mp3,2026_f1_audio/ANT_12_20260705_161231.mp3,engineer
British Grand Prix,Race,2026-07-05,16:14,ANT,Antonelli,Mercedes,"I may not, there's something deeper, I've no front, the wheel is in the air OK, we'll box the car, so this is to retire",https://d1bntksftjpew6.cloudfront.net/v1/audio/2026/British Grand Prix/Race/ANT_12_20260705_161440.mp3,2026_f1_audio/ANT_12_20260705_161440.mp3,driver
British Grand Prix,Race,2026-07-05,16:15,ANT,Antonelli,Mercedes,We are just in P10. We've got Colo Pinto behind.,https://d1bntksftjpew6.cloudfront.net/v1/audio/2026/British Grand Prix/Race/ANT_12_20260705_161533.mp3,2026_f1_audio/ANT_12_20260705_161533.mp3,driver
British Grand Prix,Race,2026-07-05,16:17,ANT,Antonelli,Mercedes,"I'm gonna go for it, mate.",https://d1bntksftjpew6.cloudfront.net/v1/audio/2026/British Grand Prix/Race/ANT_12_20260705_161752.mp3,2026_f1_audio/ANT_12_20260705_161752.mp3,driver
British Grand Prix,Race,2026-07-05,16:22,ANT,Antonelli,Mercedes,"Wow, f***ing great. Everything is going against us, unbelievable. Yes mate, it feels like one of those days.",https://d1bntksftjpew6.cloudfront.net/v1/audio/2026/British Grand Prix/Race/ANT_12_20260705_162224.mp3,2026_f1_audio/ANT_12_20260705_162224.mp3,driver
British Grand Prix,Race,2026-07-05,16:23,ANT,Antonelli,Mercedes,"We do have a 5 second penalty for track limits Yeah but that's a joke mate, I didn't do it on purpose Like, the car was broken Yeah understood Like I wasn't even getting time Yeah I know mate, I know mate",https://d1bntksftjpew6.cloudfront.net/v1/audio/2026/British Grand Prix/Race/ANT_12_20260705_162333.mp3,2026_f1_audio/ANT_12_20260705_162333.mp3,engineer
British Grand Prix,Race,2026-07-05,16:32,RUS,Russell,Mercedes,"Pardon for sticking in there, but that's really fine. Go on top of the straight line speed. So that was a very frustrating weekend otherwise Yeah, I think straight line was okay in the race",https://d1bntksftjpew6.cloudfront.net/v1/audio/2026/British Grand Prix/Race/RUS_63_20260705_163250.mp3,2026_f1_audio/RUS_63_20260705_163250.mp3,driver
British Grand Prix,Race,2026-07-05,16:37,NOR,Norris,McLaren,"Lewis has overtaken everyone, I mean, that's just, everyone's overtaken. You just do the right thing. Yeah, I'm just trying to stay out of everyone's way, I mean, they're just racers, John. Everyone gets to qualify, you know, on the podium. Um, there's been confusing messages, honestly, I'm not sure.",https://d1bntksftjpew6.cloudfront.net/v1/audio/2026/British Grand Prix/Race/NOR_1_20260705_163702.mp3,2026_f1_audio/NOR_1_20260705_163702.mp3,driver
British Grand Prix,Race,2026-07-05,16:39,HAD,Hadjar,Red Bull,that's p5 to me p5 i don't know what the hell i mean obviously i was on the tire again but you don't get that much time that was just yeah big loss big loss upload i will take the points yeah but i wanted to go to the front not like buy it back i know mate i know yeah still stuff to work on while we're playing together,https://d1bntksftjpew6.cloudfront.net/v1/audio/2026/British Grand Prix/Race/HAD_6_20260705_163932.mp3,2026_f1_audio/HAD_6_20260705_163932.mp3,engineer
British Grand Prix,Race,2026-07-05,16:41,LIN,Lindblad,Racing Bulls,"Well done, Nippon. Another amazing result. Apologies for Nippon, it's a lesson. Yeah, I'm gonna be honest, that annoys me. Not at you, but yeah, I'm not bad at you, it's just... Yeah, it's really frustrating, but regardless, it's a good team effort. We'll keep working. It's a good day for the team, but not good enough. We need to give you all the tools, so we'll do better. Apologies.",https://d1bntksftjpew6.cloudfront.net/v1/audio/2026/British Grand Prix/Race/LIN_41_20260705_164102.mp3,2026_f1_audio/LIN_41_20260705_164102.mp3,driver
British Grand Prix,Race,2026-07-05,16:42,COL,Colapinto,Alpine,"Oh mate, so that's points to the team after, I'd say, a pretty difficult weekend. Yep, but we still thank you for all the effort.",https://d1bntksftjpew6.cloudfront.net/v1/audio/2026/British Grand Prix/Race/COL_43_20260705_164254.mp3,2026_f1_audio/COL_43_20260705_164254.mp3,engineer
Belgian Grand Prix,Qualifying,2026-07-18,17:10,ANT,Antonelli,Mercedes,"That's P1, mate. Let's go, man. Let's go. Nice birthday present for your old man. Yeah, happy birthday, Dad. Well done, mate. Yeah, really tidy lap there.",https://d1bntksftjpew6.cloudfront.net/v1/audio/2026/Belgian Grand Prix/Qualifying/ANT_12_20260718_171053.mp3,2026_f1_audio/ANT_12_20260718_171053.mp3,engineer
Belgian Grand Prix,Qualifying,2026-07-18,17:11,VER,Verstappen,Red Bull,"That was a two and a half, hold up. OK mate, that's P2, we can thank ESA for that, it's a couple of a bit.",https://d1bntksftjpew6.cloudfront.net/v1/audio/2026/Belgian Grand Prix/Qualifying/VER_3_20260718_171140.mp3,2026_f1_audio/VER_3_20260718_171140.mp3,driver
Belgian Grand Prix,Qualifying,2026-07-18,17:16,BOR,Bortoleto,Audi,"High slaps, guys. Thank you for the car. That was very good, buddy. Yeah, guys, now let's finish the job tomorrow. Thanks, everyone, for coming. Bye.",https://d1bntksftjpew6.cloudfront.net/v1/audio/2026/Belgian Grand Prix/Qualifying/BOR_5_20260718_171633.mp3,2026_f1_audio/BOR_5_20260718_171633.mp3,driver
Belgian Grand Prix,Qualifying,2026-07-18,17:17,LIN,Lindblad,Racing Bulls,"Yeah, thank you everyone. It was a really, really strong session and weekend so far, so thank you for your work.",https://d1bntksftjpew6.cloudfront.net/v1/audio/2026/Belgian Grand Prix/Qualifying/LIN_41_20260718_171709.mp3,2026_f1_audio/LIN_41_20260718_171709.mp3,driver
Belgian Grand Prix,Race,2026-07-19,14:53,OCO,Ocon,Haas,"So we expect a very small shower 5 minutes after the race start, but it should last about 4 minutes and very light rain.",https://d1bntksftjpew6.cloudfront.net/v1/audio/2026/Belgian Grand Prix/Race/OCO_31_20260719_145336.mp3,2026_f1_audio/OCO_31_20260719_145336.mp3,engineer
Belgian Grand Prix,Race,2026-07-19,15:08,HAM,Hamilton,Ferrari,A car crossed over in front of me. I was right behind another car so I had no front end.,https://d1bntksftjpew6.cloudfront.net/v1/audio/2026/Belgian Grand Prix/Race/HAM_44_20260719_150827.mp3,2026_f1_audio/HAM_44_20260719_150827.mp3,driver
Belgian Grand Prix,Race,2026-07-19,15:20,PIA,Piastri,McLaren,I can't believe enough space. That could have been a massive crash. You saw?,https://d1bntksftjpew6.cloudfront.net/v1/audio/2026/Belgian Grand Prix/Race/PIA_81_20260719_152048.mp3,2026_f1_audio/PIA_81_20260719_152048.mp3,engineer
Belgian Grand Prix,Race,2026-07-19,15:22,HUL,Hulkenberg,Audi,"Here's Scooby, got the project in love, he should be right on the track, Albon, coming across.",https://d1bntksftjpew6.cloudfront.net/v1/audio/2026/Belgian Grand Prix/Race/HUL_27_20260719_152208.mp3,2026_f1_audio/HUL_27_20260719_152208.mp3,driver
Belgian Grand Prix,Race,2026-07-19,15:29,HAM,Hamilton,Ferrari,I'm quicker than Charles. I've got more pace.,https://d1bntksftjpew6.cloudfront.net/v1/audio/2026/Belgian Grand Prix/Race/HAM_44_20260719_152954.mp3,2026_f1_audio/HAM_44_20260719_152954.mp3,driver
Belgian Grand Prix,Race,2026-07-19,15:37,ANT,Antonelli,Mercedes,"Your tyres are looking good Kimmy, better than others so you can afford to use them.",https://d1bntksftjpew6.cloudfront.net/v1/audio/2026/Belgian Grand Prix/Race/ANT_12_20260719_153716.mp3,2026_f1_audio/ANT_12_20260719_153716.mp3,engineer
Belgian Grand Prix,Race,2026-07-19,15:39,HAM,Hamilton,Ferrari,What lap are we on? We are on lap 18 Why the hell? I told you what strategy I wanted to do Just to put me out with everyone else now We are on plan B,https://d1bntksftjpew6.cloudfront.net/v1/audio/2026/Belgian Grand Prix/Race/HAM_44_20260719_153914.mp3,2026_f1_audio/HAM_44_20260719_153914.mp3,driver
Belgian Grand Prix,Race,2026-07-19,15:42,HAM,Hamilton,Ferrari,"And we are opening the gap to Piastri, and we need to serve a five -second penalty, that's why. Another one.",https://d1bntksftjpew6.cloudfront.net/v1/audio/2026/Belgian Grand Prix/Race/HAM_44_20260719_154223.mp3,2026_f1_audio/HAM_44_20260719_154223.mp3,engineer
Belgian Grand Prix,Race,2026-07-19,15:45,HAM,Hamilton,Ferrari,"Is he okay? He's okay, all okay.",https://d1bntksftjpew6.cloudfront.net/v1/audio/2026/Belgian Grand Prix/Race/HAM_44_20260719_154537.mp3,2026_f1_audio/HAM_44_20260719_154537.mp3,engineer
Belgian Grand Prix,Race,2026-07-19,15:51,HAM,Hamilton,Ferrari,Did you put front wing in or not? We need a manager. Yeah. I can't turn the cars in.,https://d1bntksftjpew6.cloudfront.net/v1/audio/2026/Belgian Grand Prix/Race/HAM_44_20260719_155123.mp3,2026_f1_audio/HAM_44_20260719_155123.mp3,engineer
Belgian Grand Prix,Race,2026-07-19,16:01,NOR,Norris,McLaren,"And Lando, I don't want any yo -yo racing with Oscar. I'll explain why later.",https://d1bntksftjpew6.cloudfront.net/v1/audio/2026/Belgian Grand Prix/Race/NOR_1_20260719_160127.mp3,2026_f1_audio/NOR_1_20260719_160127.mp3,engineer
Belgian Grand Prix,Race,2026-07-19,16:04,LEC,Leclerc,Ferrari,"These pros and secondaries are so bad, so rotten, so bad, so hard.",https://d1bntksftjpew6.cloudfront.net/v1/audio/2026/Belgian Grand Prix/Race/LEC_16_20260719_160412.mp3,2026_f1_audio/LEC_16_20260719_160412.mp3,driver
Belgian Grand Prix,Race,2026-07-19,16:20,ANT,Antonelli,Mercedes,remember track limits two we have two already so we don't want any more,https://d1bntksftjpew6.cloudfront.net/v1/audio/2026/Belgian Grand Prix/Race/ANT_12_20260719_162042.mp3,2026_f1_audio/ANT_12_20260719_162042.mp3,engineer
Belgian Grand Prix,Race,2026-07-19,16:21,PIA,Piastri,McLaren,Hamilton under investigation post -race for unsafe release. We'll stay within five seconds. Hamilton under investigation post -race.,https://d1bntksftjpew6.cloudfront.net/v1/audio/2026/Belgian Grand Prix/Race/PIA_81_20260719_162145.mp3,2026_f1_audio/PIA_81_20260719_162145.mp3,engineer
Belgian Grand Prix,Race,2026-07-19,16:29,ANT,Antonelli,Mercedes,"Nice work, Kimi. Well done there, mate. Let's go! Good effort, mate. Let's go. Thank you so much, guys. Yeah, well done, mate. Thank you. Yeah, it was a busy race, that one. But well done. Cool head.",https://d1bntksftjpew6.cloudfront.net/v1/audio/2026/Belgian Grand Prix/Race/ANT_12_20260719_162911.mp3,2026_f1_audio/ANT_12_20260719_162911.mp3,engineer
Belgian Grand Prix,Race,2026-07-19,16:30,LEC,Leclerc,Ferrari,"Peter, good race, Charles, well done Good one, Charles, good job I was close, but... only a bit lucky with the BSC because it's a this may be...",https://d1bntksftjpew6.cloudfront.net/v1/audio/2026/Belgian Grand Prix/Race/LEC_16_20260719_163006.mp3,2026_f1_audio/LEC_16_20260719_163006.mp3,engineer
Belgian Grand Prix,Race,2026-07-19,16:30,VER,Verstappen,Red Bull,"Yeah, good job guys. It's the last podium. We're unlucky with that VSC, but it's all good. Well done Max. The pace is getting better, you were very strong as you say. Unlucky for P2, but it's close enough to the top and we have more coming. So, thanks for bearing with us. Yeah, exactly that. It's a tiny bit unlucky, but it's still a good podium.",https://d1bntksftjpew6.cloudfront.net/v1/audio/2026/Belgian Grand Prix/Race/VER_3_20260719_163033.mp3,2026_f1_audio/VER_3_20260719_163033.mp3,driver
Belgian Grand Prix,Race,2026-07-19,16:31,SAI,Sainz,Williams,"Yeah, well done Carlos, good recovery, good pace, it's the best we had in it after that fact change this morning. Yeah, thank you.",https://d1bntksftjpew6.cloudfront.net/v1/audio/2026/Belgian Grand Prix/Race/SAI_55_20260719_163145.mp3,2026_f1_audio/SAI_55_20260719_163145.mp3,engineer
Belgian Grand Prix,Race,2026-07-19,16:31,HAM,Hamilton,Ferrari,"Yeah, it's up we can",https://d1bntksftjpew6.cloudfront.net/v1/audio/2026/Belgian Grand Prix/Race/HAM_44_20260719_163152.mp3,2026_f1_audio/HAM_44_20260719_163152.mp3,driver
Belgian Grand Prix,Race,2026-07-19,16:32,LEC,Leclerc,Ferrari,"Uh,",https://d1bntksftjpew6.cloudfront.net/v1/audio/2026/Belgian Grand Prix/Race/LEC_16_20260719_163216.mp3,2026_f1_audio/LEC_16_20260719_163216.mp3,driver
Belgian Grand Prix,Race,2026-07-19,16:32,HAM,Hamilton,Ferrari,I don't know if that's what they're supposed to be.,https://d1bntksftjpew6.cloudfront.net/v1/audio/2026/Belgian Grand Prix/Race/HAM_44_20260719_163219.mp3,2026_f1_audio/HAM_44_20260719_163219.mp3,engineer
Belgian Grand Prix,Race,2026-07-19,16:33,ANT,Antonelli,Mercedes,"Bravo, mate. Bravo. Give me bravo. Bravo.",https://d1bntksftjpew6.cloudfront.net/v1/audio/2026/Belgian Grand Prix/Race/ANT_12_20260719_163325.mp3,2026_f1_audio/ANT_12_20260719_163325.mp3,engineer
Belgian Grand Prix,Race,2026-07-19,16:34,HAD,Hadjar,Red Bull,"Good pace today as well, mate. Good pace. Yeah, nothing I can do more honestly. So all that. It's a bit frustrating because, yeah, I could be on this podium, so... Yeah, Carp is there, unfortunately with penalty. You did what you could today. Good man.",https://d1bntksftjpew6.cloudfront.net/v1/audio/2026/Belgian Grand Prix/Race/HAD_6_20260719_163403.mp3,2026_f1_audio/HAD_6_20260719_163403.mp3,driver
Belgian Grand Prix,Race,2026-07-19,16:34,BOR,Bortoleto,Audi,"Come on, that's P8, P8, more than, more than, charge up, more than, and we drive into P1, into turn 1, what a race you have driven, Gabi, what a race, unbelievable, second assist, yes, yes, yes, coming to the pit, drive it slowly, come on, what a race, amazing driving, mega job, mega job, mega quality, thank you very much. Again, fantastic job, really well deserved, you did a fantastic, to put out a fight, unbelievable fight out there, and great job for the team on the pit stop, double stack getting you and Nico in a good time for double points. Yes, thanks everyone, what a weekend, amazing, I thought my T .I .2 would take off again, thank you. And remember, full switch off when you're around the parking lot, and again. What a fight you put out there today, really well deserved P8, fantastic job mate, and the team and the guys in the pit stop did a fantastic job as well, fantastic, great job.",https://d1bntksftjpew6.cloudfront.net/v1/audio/2026/Belgian Grand Prix/Race/BOR_5_20260719_163412.mp3,2026_f1_audio/BOR_5_20260719_163412.mp3,engineer
Belgian Grand Prix,Race,2026-07-19,16:36,LIN,Lindblad,Racing Bulls,"Yeah, thank you everyone. I really tried. Yeah, it's a shame about the BSC, but regardless, a really good weekend again, so thank you for the work.",https://d1bntksftjpew6.cloudfront.net/v1/audio/2026/Belgian Grand Prix/Race/LIN_41_20260719_163621.mp3,2026_f1_audio/LIN_41_20260719_163621.mp3,driver
Belgian Grand Prix,Race,2026-07-19,16:37,BEA,Bearman,Haas,"Thanks everyone aside from those all over they have to read all the clock out today, so it's really posted",https://d1bntksftjpew6.cloudfront.net/v1/audio/2026/Belgian Grand Prix/Race/BEA_87_20260719_163702.mp3,2026_f1_audio/BEA_87_20260719_163702.mp3,driver
Hungarian Grand Prix,Qualifying,2026-07-25,16:04,ALB,Albon,Williams,"Just check for damage in plant 4, exit cap.",https://d1bntksftjpew6.cloudfront.net/v1/audio/2026/Hungarian Grand Prix/Qualifying/ALB_23_20260725_160444.mp3,2026_f1_audio/ALB_23_20260725_160444.mp3,driver
Hungarian Grand Prix,Qualifying,2026-07-25,16:18,ALO,Alonso,Aston Martin,"All right. Good job. Maybe a bit more to come the next set. Let's go. Yeah, let's go.",https://d1bntksftjpew6.cloudfront.net/v1/audio/2026/Hungarian Grand Prix/Qualifying/ALO_14_20260725_161846.mp3,2026_f1_audio/ALO_14_20260725_161846.mp3,driver
Hungarian Grand Prix,Qualifying,2026-07-25,16:19,ALB,Albon,Williams,"Oh, that's terrible. Why, why, why is the balance changing so much? Alex, it was a good lap considering the car is all over the place. That's on us.",https://d1bntksftjpew6.cloudfront.net/v1/audio/2026/Hungarian Grand Prix/Qualifying/ALB_23_20260725_161929.mp3,2026_f1_audio/ALB_23_20260725_161929.mp3,driver
Hungarian Grand Prix,Qualifying,2026-07-25,16:19,SAI,Sainz,Williams,"It was a good lap considering the conditions, it's all that our car had in it. Let's see what we can do overnight. Yeah, just keep working.",https://d1bntksftjpew6.cloudfront.net/v1/audio/2026/Hungarian Grand Prix/Qualifying/SAI_55_20260725_161955.mp3,2026_f1_audio/SAI_55_20260725_161955.mp3,engineer
Hungarian Grand Prix,Qualifying,2026-07-25,16:32,ANT,Antonelli,Mercedes,I've got no grip on them. Like I don't know we're doing something wrong with tires. I have zero grip,https://d1bntksftjpew6.cloudfront.net/v1/audio/2026/Hungarian Grand Prix/Qualifying/ANT_12_20260725_163217.mp3,2026_f1_audio/ANT_12_20260725_163217.mp3,driver
Hungarian Grand Prix,Qualifying,2026-07-25,16:32,HAD,Hadjar,Red Bull,"Okay, but I come on someone's always the same",https://d1bntksftjpew6.cloudfront.net/v1/audio/2026/Hungarian Grand Prix/Qualifying/HAD_6_20260725_163239.mp3,2026_f1_audio/HAD_6_20260725_163239.mp3,driver
Hungarian Grand Prix,Qualifying,2026-07-25,16:34,HAM,Hamilton,Ferrari,That was a pretty tricky lap. I spent more time in it.,https://d1bntksftjpew6.cloudfront.net/v1/audio/2026/Hungarian Grand Prix/Qualifying/HAM_44_20260725_163405.mp3,2026_f1_audio/HAM_44_20260725_163405.mp3,driver
Hungarian Grand Prix,Qualifying,2026-07-25,16:40,LAW,Lawson,Racing Bulls,"Oh man, such a bad luck. It's so hard to drive.",https://d1bntksftjpew6.cloudfront.net/v1/audio/2026/Hungarian Grand Prix/Qualifying/LAW_30_20260725_164017.mp3,2026_f1_audio/LAW_30_20260725_164017.mp3,driver
Hungarian Grand Prix,Qualifying,2026-07-25,16:41,OCO,Ocon,Haas,There's a high chance. I broke the floor Three,https://d1bntksftjpew6.cloudfront.net/v1/audio/2026/Hungarian Grand Prix/Qualifying/OCO_31_20260725_164119.mp3,2026_f1_audio/OCO_31_20260725_164119.mp3,driver
Hungarian Grand Prix,Qualifying,2026-07-25,16:41,LIN,Lindblad,Racing Bulls,"I mean, for me, we seem genuinely competitive, so let's throw everything at it.",https://d1bntksftjpew6.cloudfront.net/v1/audio/2026/Hungarian Grand Prix/Qualifying/LIN_41_20260725_164152.mp3,2026_f1_audio/LIN_41_20260725_164152.mp3,driver
Hungarian Grand Prix,Qualifying,2026-07-25,16:42,GAS,Gasly,Alpine,"Focus on tomorrow, thanks guys. Alright, thank you.",https://d1bntksftjpew6.cloudfront.net/v1/audio/2026/Hungarian Grand Prix/Qualifying/GAS_10_20260725_164210.mp3,2026_f1_audio/GAS_10_20260725_164210.mp3,driver
Hungarian Grand Prix,Qualifying,2026-07-25,17:02,NOR,Norris,McLaren,"Oh, just go whatever is to be honest. Thank you very much",https://d1bntksftjpew6.cloudfront.net/v1/audio/2026/Hungarian Grand Prix/Qualifying/NOR_1_20260725_170219.mp3,2026_f1_audio/NOR_1_20260725_170219.mp3,driver
Hungarian Grand Prix,Qualifying,2026-07-25,17:11,PIA,Piastri,McLaren,Being blessed.,https://d1bntksftjpew6.cloudfront.net/v1/audio/2026/Hungarian Grand Prix/Qualifying/PIA_81_20260725_171144.mp3,2026_f1_audio/PIA_81_20260725_171144.mp3,engineer
Hungarian Grand Prix,Qualifying,2026-07-25,17:12,VER,Verstappen,Red Bull,The course is completely broken aerodynamically. It's getting worse and worse. What a weekend.,https://d1bntksftjpew6.cloudfront.net/v1/audio/2026/Hungarian Grand Prix/Qualifying/VER_3_20260725_171229.mp3,2026_f1_audio/VER_3_20260725_171229.mp3,driver
Hungarian Grand Prix,Qualifying,2026-07-25,17:13,RUS,Russell,Mercedes,so stop stop stop stop stop stop stop,https://d1bntksftjpew6.cloudfront.net/v1/audio/2026/Hungarian Grand Prix/Qualifying/RUS_63_20260725_171310.mp3,2026_f1_audio/RUS_63_20260725_171310.mp3,engineer
Hungarian Grand Prix,Race,2026-07-26,15:05,RUS,Russell,Mercedes,"Well, it's 2 % shallow. It was a throttle pedal you backed up at a high RPM.",https://d1bntksftjpew6.cloudfront.net/v1/audio/2026/Hungarian Grand Prix/Race/RUS_63_20260726_150501.mp3,2026_f1_audio/RUS_63_20260726_150501.mp3,engineer
Hungarian Grand Prix,Race,2026-07-26,15:11,VER,Verstappen,Red Bull,"Also again, the dumping failed for sure. Spasiboodee!",https://d1bntksftjpew6.cloudfront.net/v1/audio/2026/Hungarian Grand Prix/Race/VER_3_20260726_151141.mp3,2026_f1_audio/VER_3_20260726_151141.mp3,driver
Hungarian Grand Prix,Race,2026-07-26,15:16,NOR,Norris,McLaren,How's the tyres? How's the pulse? 30 already. Much faster than the GTTS.,https://d1bntksftjpew6.cloudfront.net/v1/audio/2026/Hungarian Grand Prix/Race/NOR_1_20260726_151629.mp3,2026_f1_audio/NOR_1_20260726_151629.mp3,engineer
Hungarian Grand Prix,Race,2026-07-26,15:17,PIA,Piastri,McLaren,"How's the tide? Currently we are thinking plan A, target level. I feel good.",https://d1bntksftjpew6.cloudfront.net/v1/audio/2026/Hungarian Grand Prix/Race/PIA_81_20260726_151736.mp3,2026_f1_audio/PIA_81_20260726_151736.mp3,engineer
Hungarian Grand Prix,Race,2026-07-26,15:18,VER,Verstappen,Red Bull,"Please do something about this shit, and don't tell me it's me 15 later. Absolutely.",https://d1bntksftjpew6.cloudfront.net/v1/audio/2026/Hungarian Grand Prix/Race/VER_3_20260726_151824.mp3,2026_f1_audio/VER_3_20260726_151824.mp3,driver
Hungarian Grand Prix,Race,2026-07-26,15:18,HAM,Hamilton,Ferrari,Actually pretty slow,https://d1bntksftjpew6.cloudfront.net/v1/audio/2026/Hungarian Grand Prix/Race/HAM_44_20260726_151851.mp3,2026_f1_audio/HAM_44_20260726_151851.mp3,driver
Hungarian Grand Prix,Race,2026-07-26,15:26,VER,Verstappen,Red Bull,"Well, that was quite special, I don't want to blame it up once again moving on the breaking I mean sorry section, but it's not right",https://d1bntksftjpew6.cloudfront.net/v1/audio/2026/Hungarian Grand Prix/Race/VER_3_20260726_152648.mp3,2026_f1_audio/VER_3_20260726_152648.mp3,engineer
Hungarian Grand Prix,Race,2026-07-26,15:39,PIA,Piastri,McLaren,"We're aiming at planet A, target that. How's the time? Oh, it doesn't feel great.",https://d1bntksftjpew6.cloudfront.net/v1/audio/2026/Hungarian Grand Prix/Race/PIA_81_20260726_153950.mp3,2026_f1_audio/PIA_81_20260726_153950.mp3,engineer
Hungarian Grand Prix,Race,2026-07-26,15:40,LEC,Leclerc,Ferrari,"Well, it's quite a bit of time",https://d1bntksftjpew6.cloudfront.net/v1/audio/2026/Hungarian Grand Prix/Race/LEC_16_20260726_154053.mp3,2026_f1_audio/LEC_16_20260726_154053.mp3,driver
Hungarian Grand Prix,Race,2026-07-26,15:45,NOR,Norris,McLaren,"Okay mate, let's get back in the rhythm, know what you've been trying to do, can we see it? Back in the rhythm please.",https://d1bntksftjpew6.cloudfront.net/v1/audio/2026/Hungarian Grand Prix/Race/NOR_1_20260726_154526.mp3,2026_f1_audio/NOR_1_20260726_154526.mp3,engineer
Hungarian Grand Prix,Race,2026-07-26,15:48,NOR,Norris,McLaren,"Hamilton's got me stuck behind the jar, and they thought it'd be a cool exit for us to... I need to get fast, come on, let's do something, please. I know, mate. I know. Staff is gonna close in. I want boxes left.",https://d1bntksftjpew6.cloudfront.net/v1/audio/2026/Hungarian Grand Prix/Race/NOR_1_20260726_154842.mp3,2026_f1_audio/NOR_1_20260726_154842.mp3,engineer
Hungarian Grand Prix,Race,2026-07-26,15:49,NOR,Norris,McLaren,You mean you won't let me? I'm Biles' master.,https://d1bntksftjpew6.cloudfront.net/v1/audio/2026/Hungarian Grand Prix/Race/NOR_1_20260726_154941.mp3,2026_f1_audio/NOR_1_20260726_154941.mp3,driver
Hungarian Grand Prix,Race,2026-07-26,15:50,NOR,Norris,McLaren,I'll pull out a 10 -6 if it works on this one.,https://d1bntksftjpew6.cloudfront.net/v1/audio/2026/Hungarian Grand Prix/Race/NOR_1_20260726_155006.mp3,2026_f1_audio/NOR_1_20260726_155006.mp3,driver
Hungarian Grand Prix,Race,2026-07-26,15:53,HAM,Hamilton,Ferrari,I'm gonna be in trouble in the districts. Now we are fighting for the position with Max then we manage the ties,https://d1bntksftjpew6.cloudfront.net/v1/audio/2026/Hungarian Grand Prix/Race/HAM_44_20260726_155318.mp3,2026_f1_audio/HAM_44_20260726_155318.mp3,driver
Hungarian Grand Prix,Race,2026-07-26,15:57,PIA,Piastri,McLaren,"Hey, don't you guys f***ing think we're lost?",https://d1bntksftjpew6.cloudfront.net/v1/audio/2026/Hungarian Grand Prix/Race/PIA_81_20260726_155750.mp3,2026_f1_audio/PIA_81_20260726_155750.mp3,driver
Hungarian Grand Prix,Race,2026-07-26,15:58,PIA,Piastri,McLaren,"Get out of the f***ing way, you idiots! Oh my god.",https://d1bntksftjpew6.cloudfront.net/v1/audio/2026/Hungarian Grand Prix/Race/PIA_81_20260726_155835.mp3,2026_f1_audio/PIA_81_20260726_155835.mp3,driver
Hungarian Grand Prix,Race,2026-07-26,16:01,PIA,Piastri,McLaren,"After that sight that's crossed us, that target is to get to the end on this tyre. Oh mate, it's better you don't **** me now. Nice of you guys to affect the other one here by the way, thanks.",https://d1bntksftjpew6.cloudfront.net/v1/audio/2026/Hungarian Grand Prix/Race/PIA_81_20260726_160114.mp3,2026_f1_audio/PIA_81_20260726_160114.mp3,engineer
Hungarian Grand Prix,Race,2026-07-26,16:04,NOR,Norris,McLaren,"We're catching ants early night and quickly, that's just been measured when we get there.",https://d1bntksftjpew6.cloudfront.net/v1/audio/2026/Hungarian Grand Prix/Race/NOR_1_20260726_160406.mp3,2026_f1_audio/NOR_1_20260726_160406.mp3,engineer
Hungarian Grand Prix,Race,2026-07-26,16:12,ANT,Antonelli,Mercedes,"Again, a little bit of security, just keep the 3, turn 7, get tight again.",https://d1bntksftjpew6.cloudfront.net/v1/audio/2026/Hungarian Grand Prix/Race/ANT_12_20260726_161227.mp3,2026_f1_audio/ANT_12_20260726_161227.mp3,engineer
Hungarian Grand Prix,Race,2026-07-26,16:13,LEC,Leclerc,Ferrari,"Can you notice me before there's something that feels off the ground? Copy. Looks like overheating, if you can get back into the rhythm, should help. I'm in rhythm.",https://d1bntksftjpew6.cloudfront.net/v1/audio/2026/Hungarian Grand Prix/Race/LEC_16_20260726_161356.mp3,2026_f1_audio/LEC_16_20260726_161356.mp3,driver
Hungarian Grand Prix,Race,2026-07-26,16:14,VER,Verstappen,Red Bull,This is good Max. You got it. You might have some fun towards the end.,https://d1bntksftjpew6.cloudfront.net/v1/audio/2026/Hungarian Grand Prix/Race/VER_3_20260726_161437.mp3,2026_f1_audio/VER_3_20260726_161437.mp3,engineer
Hungarian Grand Prix,Race,2026-07-26,16:19,ANT,Antonelli,Mercedes,"But can't we go until yet? We don't think we have the tire light so press hold boost, press hold boost",https://d1bntksftjpew6.cloudfront.net/v1/audio/2026/Hungarian Grand Prix/Race/ANT_12_20260726_161904.mp3,2026_f1_audio/ANT_12_20260726_161904.mp3,driver
Hungarian Grand Prix,Race,2026-07-26,16:19,NOR,Norris,McLaren,"Vlade, you're clearly the fastest car and have nothing to prove, so the snaps of 4 and 8, no more.",https://d1bntksftjpew6.cloudfront.net/v1/audio/2026/Hungarian Grand Prix/Race/NOR_1_20260726_161945.mp3,2026_f1_audio/NOR_1_20260726_161945.mp3,engineer
Hungarian Grand Prix,Race,2026-07-26,16:21,ANT,Antonelli,Mercedes,"Wind pollution out of wind. So probably P6 potential, but P2 here Kimmy, we've got a big offset on tyres.",https://d1bntksftjpew6.cloudfront.net/v1/audio/2026/Hungarian Grand Prix/Race/ANT_12_20260726_162136.mp3,2026_f1_audio/ANT_12_20260726_162136.mp3,driver
Hungarian Grand Prix,Race,2026-07-26,16:25,ANT,Antonelli,Mercedes,"But I think I was ahead yeah, we're just talking through we think we were",https://d1bntksftjpew6.cloudfront.net/v1/audio/2026/Hungarian Grand Prix/Race/ANT_12_20260726_162520.mp3,2026_f1_audio/ANT_12_20260726_162520.mp3,engineer
Hungarian Grand Prix,Race,2026-07-26,16:38,NOR,Norris,McLaren,No exit curve. That may be what happened to Oscar's car.,https://d1bntksftjpew6.cloudfront.net/v1/audio/2026/Hungarian Grand Prix/Race/NOR_1_20260726_163816.mp3,2026_f1_audio/NOR_1_20260726_163816.mp3,engineer
Hungarian Grand Prix,Race,2026-07-26,16:40,HAM,Hamilton,Ferrari,And we got five second penalty for speeding into the pit lane. I handed out penalties like crazy.,https://d1bntksftjpew6.cloudfront.net/v1/audio/2026/Hungarian Grand Prix/Race/HAM_44_20260726_164018.mp3,2026_f1_audio/HAM_44_20260726_164018.mp3,engineer
Hungarian Grand Prix,Race,2026-07-26,16:43,NOR,Norris,McLaren,"Well done, mate. Well done. Beautiful! The car was unbelievable today. Well done, guys. Incredible. Flying, thank you so much for the car. Nice to finally be able to do it all for you again. Feels like it's been a while. Congrats, very well deserved. Hard work pays off. Just keep it going. Thank you very much. I love you all.",https://d1bntksftjpew6.cloudfront.net/v1/audio/2026/Hungarian Grand Prix/Race/NOR_1_20260726_164359.mp3,2026_f1_audio/NOR_1_20260726_164359.mp3,driver
Hungarian Grand Prix,Race,2026-07-26,16:45,VER,Verstappen,Red Bull,"That is an excellent drive Max, really, really, really spot on. I'd like to be a C -Sprog to your showpiece finale, but nonetheless, I'm going to be proud of that final sit. That's a great move there as well, so fantastic job. Yeah, we had a second today in some way or another. Great job. Well, it's been quite a lot out there, so...",https://d1bntksftjpew6.cloudfront.net/v1/audio/2026/Hungarian Grand Prix/Race/VER_3_20260726_164505.mp3,2026_f1_audio/VER_3_20260726_164505.mp3,engineer
Hungarian Grand Prix,Race,2026-07-26,16:47,NOR,Norris,McLaren,"And Lando, Barnsey put it on your piece of tape. One who's laughing. I only did it for him. Thanks Barnsey for everything. Beautiful career. I did it on a high. Thank you very much for everything.",https://d1bntksftjpew6.cloudfront.net/v1/audio/2026/Hungarian Grand Prix/Race/NOR_1_20260726_164736.mp3,2026_f1_audio/NOR_1_20260726_164736.mp3,driver
Hungarian Grand Prix,Race,2026-07-26,16:48,COL,Colapinto,Alpine,"Choking pace, oh so slow",https://d1bntksftjpew6.cloudfront.net/v1/audio/2026/Hungarian Grand Prix/Race/COL_43_20260726_164802.mp3,2026_f1_audio/COL_43_20260726_164802.mp3,driver
Hungarian Grand Prix,Race,2026-07-26,16:48,OCO,Ocon,Haas,"Thank you Laura. Yeah, positive weekend, it's a lot of good stuff, even if the race was very difficult, not as good as we would have liked, it's take the positive for you guys and we'll come back stronger after the break.",https://d1bntksftjpew6.cloudfront.net/v1/audio/2026/Hungarian Grand Prix/Race/OCO_31_20260726_164834.mp3,2026_f1_audio/OCO_31_20260726_164834.mp3,engineer
Hungarian Grand Prix,Race,2026-07-26,16:49,LAW,Lawson,Racing Bulls,"It was pretty tough, good, really good job. Very good call on the strategy as well. Had me doubting it in the car, but very, very good job. Thank you. Car was so good. We wanted to keep you active, you know? We didn't want you to fall asleep. I literally said I don't want to overtake cars at the end of the race, and that's what you had me do. But you see, you could do it.",https://d1bntksftjpew6.cloudfront.net/v1/audio/2026/Hungarian Grand Prix/Race/LAW_30_20260726_164928.mp3,2026_f1_audio/LAW_30_20260726_164928.mp3,driver
Hungarian Grand Prix,Race,2026-07-26,16:50,ANT,Antonelli,Mercedes,"Nice work Kimi. P3 buff, not a bad day. That was tough. Yeah, copy that, you earned your money today mate. Thanks everyone. It was a damage limitation after yesterday. So thank you everyone.",https://d1bntksftjpew6.cloudfront.net/v1/audio/2026/Hungarian Grand Prix/Race/ANT_12_20260726_165018.mp3,2026_f1_audio/ANT_12_20260726_165018.mp3,engineer
